{"timestamp": 1755393075.942174, "dataset": "small", "config": {"N": 10000, "D": 64, "k": 10}, "repeats": 50, "rust_annie": {"build_time": 0.0028830549999980803, "build_memory_mb": 3.5, "search_times": [0.0004567739999998821, 0.00031999899999846093, 0.00032090800000617037, 0.0003218820000085998, 0.00038225599999464066, 0.0002904840000041986, 0.00029711600001292027, 0.000297046000000023, 0.0003069140000064863, 0.0003308790000033923, 0.00031278499999132237, 0.0002935300000075358, 0.0003151399999978821, 0.0002907140000019126, 0.000282759000000965, 0.00028563499999734177, 0.00034885300000553343, 0.0002986009999972339, 0.0002962639999992689, 0.0003008430000051021, 0.0002978370000050745, 0.0002824879999963059, 0.00029899900000884827, 0.0002821079999932863, 0.00029568300000448744, 0.00029480199999909473, 0.00034055499999396943, 0.00029558300001042426, 0.0002891809999994166, 0.00033192099999723723, 0.0003330330000039794, 0.0003124050000025136, 0.00031651199999771507, 0.00041469599999288675, 0.00031660199999805627, 0.000321632000009231, 0.0003062230000097088, 0.0003164820000023383, 0.00032664100000090457, 0.00029756699998984004, 0.0003274030000000039, 0.00031685300000106054, 0.00029635500000324555, 0.00030280600000764935, 0.000302004999994665, 0.00033026799999902323, 0.00028487299999824245, 0.00029977000001224496, 0.0003159609999983104, 0.000301604000000566], "search_avg": 0.00031396460000138404, "search_p50": 0.0003045145000086791, "search_p95": 0.0003672246499995423, "search_p99": 0.0004361557799964543}, "sklearn": {"build_time": 0.0005788839999922857, "build_memory_mb": 0.0, "search_avg": 0.0010716385599994283, "search_p50": 0.0005870029999996973}, "faiss": {"build_time": 0.0010762530000079096, "build_memory_mb": 2.375, "search_avg": 7.480357999980924e-05, "search_p50": 7.124350000253798e-05}, "annoy": {"build_time": 0.06083112099999255, "build_memory_mb": 7.52734375, "search_avg": 1.6105119999565432e-05, "search_p50": 1.5593999997065566e-05}}