{"timestamp": 1762391101.445277, "dataset": "medium", "config": {"N": 100000, "D": 128, "k": 20}, "repeats": 50, "rust_annie": {"build_time": 0.05501366800001506, "build_memory_mb": 57.96875, "search_times": [0.005245491999971819, 0.004455843000016557, 0.003847920999987764, 0.003799861000004512, 0.0037796629999888864, 0.003812084000003324, 0.0038573810000457343, 0.003824383999983638, 0.0038904529999967963, 0.003957463999995525, 0.003933910999990076, 0.003869822000012846, 0.0038807700000234036, 0.0038961629999789693, 0.00393335000001116, 0.0040310419999514124, 0.003994450999982746, 0.0038461780000034196, 0.004168647999961195, 0.004454231000011077, 0.004579824999950688, 0.0044659430000137945, 0.004254288000026918, 0.004120641000042724, 0.00414792800000896, 0.00404450700000325, 0.004049456000018381, 0.004038406000006489, 0.004035149000003457, 0.004360477999966861, 0.004181722999987869, 0.004184839000004104, 0.004084471999988182, 0.004125025000007554, 0.00421329099998502, 0.004788784000027135, 0.004621864999990066, 0.004930516000001717, 0.004715508000003865, 0.004371196000022337, 0.004247534999990421, 0.004143653999960861, 0.004287318999956824, 0.00426350499998307, 0.004179125999996813, 0.004130336999992323, 0.004074235000018689, 0.004030370000009498, 0.004240072000015971, 0.003964297000038641], "search_avg": 0.0041670680399988665, "search_p50": 0.004122833000025139, "search_p95": 0.004755809800016664, "search_p99": 0.005091153759986468}, "sklearn": {"build_time": 0.00426929600001813, "build_memory_mb": 0.125, "search_avg": 0.009052947839996932, "search_p50": 0.00773201349997521}, "faiss": {"build_time": 0.00919100700002673, "build_memory_mb": 49.234375, "search_avg": 0.0029292197399990983, "search_p50": 0.0029013964999649033}, "annoy": {"build_time": 1.0983063310000034, "build_memory_mb": 66.5390625, "search_avg": 5.1063480003676884e-05, "search_p50": 5.161099997508245e-05}}