{"timestamp": 1755824531.013162, "dataset": "small", "config": {"N": 10000, "D": 64, "k": 10}, "repeats": 50, "rust_annie": {"build_time": 0.002442439999995827, "build_memory_mb": 3.375, "search_times": [0.00042387599999926806, 0.00033022999998877367, 0.0003420830000067099, 0.0003023680000069362, 0.00030063500000210297, 0.0003104529999973238, 0.0002836330000093312, 0.00030183799999861094, 0.0003056349999894792, 0.0003010859999932336, 0.00028641800000173134, 0.0003265240000018821, 0.00029670700000394845, 0.0003199209999991126, 0.00029456299999708335, 0.00033739399999888064, 0.0003005149999921741, 0.00028849299999933464, 0.00032820699999547287, 0.00029394300000262774, 0.0003246299999943858, 0.00034135100000298735, 0.00029904100000521794, 0.00030912100000080045, 0.0003304209999868135, 0.00031503199998894615, 0.0002970179999977063, 0.00032828699998788125, 0.0003166859999907956, 0.0002962060000015754, 0.0003126470000012205, 0.00030523399999538015, 0.00030339100000276176, 0.000330801000004044, 0.00032689500000060434, 0.00030025499999908334, 0.0003220150000089461, 0.0003057739999974274, 0.000299441999999317, 0.00031112399999244644, 0.00032547200000010434, 0.0002967879999999923, 0.00030704600000319715, 0.000336723000003758, 0.0002942219999937379, 0.0002976899999964644, 0.00031012299999133575, 0.0003195400000066684, 0.00031146500001000277, 0.00028677899999252077], "search_avg": 0.0003127148199988028, "search_p50": 0.0003080835000019988, "search_p95": 0.0003395703500011393, "search_p99": 0.0003837974300029144}, "sklearn": {"build_time": 0.0006684259999900632, "build_memory_mb": 0.0, "search_avg": 0.0010887298600002282, "search_p50": 0.0005948029999984783}, "faiss": {"build_time": 0.0010988750000109349, "build_memory_mb": 2.375, "search_avg": 7.723171999970191e-05, "search_p50": 7.208499999933338e-05}, "annoy": {"build_time": 0.06048339899999178, "build_memory_mb": 6.0, "search_avg": 1.6629020001062146e-05, "search_p50": 1.6055000003234454e-05}}