{"timestamp": 1763982520.884296, "dataset": "medium", "config": {"N": 100000, "D": 128, "k": 20}, "repeats": 50, "rust_annie": {"build_time": 0.05206567000001883, "build_memory_mb": 56.89453125, "search_times": [0.004718732000014825, 0.0044345230000146785, 0.0038426619999825107, 0.0037382180000236076, 0.003708291000009467, 0.0038026269999988926, 0.003806064000002607, 0.0038169139999979507, 0.00394800800000894, 0.003926798000009057, 0.003781927999995105, 0.003856847999998081, 0.0038123649999874942, 0.003770836999990479, 0.0037739139999928284, 0.0037517629999967994, 0.0038219329999833462, 0.0038302479999856587, 0.0037868880000075933, 0.003839626000001317, 0.0037902840000185734, 0.003760569000007763, 0.0037914360000002034, 0.0038385439999899518, 0.0038035689999844635, 0.0038056820000065272, 0.003825549999987743, 0.003960941999991974, 0.0038261109999950804, 0.0037562109999953464, 0.003747453999977779, 0.003808437999992975, 0.0037344799999914358, 0.003754958000001807, 0.0037613599999986036, 0.0037763079999990623, 0.0037786930000152097, 0.0037761280000268016, 0.0038019259999941823, 0.0038406379999855744, 0.0038001819999919917, 0.0039543799999819385, 0.0037653870000156076, 0.003755048000016359, 0.0037838220000026013, 0.0037784919999808153, 0.0046148790000017925, 0.003835579000025291, 0.0038805019999870183, 0.004054235000012341], "search_avg": 0.003858619479999561, "search_p50": 0.003803097999991678, "search_p95": 0.004263393400013625, "search_p99": 0.004667844030008438}, "sklearn": {"build_time": 0.003610278999985894, "build_memory_mb": 0.125, "search_avg": 0.008639143240001203, "search_p50": 0.007125270999992495}, "faiss": {"build_time": 0.007720709000011539, "build_memory_mb": 49.36328125, "search_avg": 0.002310696999995798, "search_p50": 0.0022604219999919906}, "annoy": {"build_time": 1.0479698999999982, "build_memory_mb": 66.86328125, "search_avg": 4.539636000060909e-05, "search_p50": 4.575500000214561e-05}}