{"timestamp": 1754529083.372084, "dataset": "small", "config": {"N": 10000, "D": 64, "k": 10}, "repeats": 50, "rust_annie": {"build_time": 0.002313648000011881, "build_memory_mb": 3.25, "search_times": [0.0004399709999916013, 0.0003317590000051496, 0.00029901799999265677, 0.0002770370000177991, 0.00030383699998992597, 0.00029932800001120086, 0.00031146000000603635, 0.0002827170000045953, 0.0003089770000030967, 0.0003221409999980551, 0.00029288599998267273, 0.00030421799999658106, 0.00029532100001006256, 0.0002989580000019032, 0.00031913499998381667, 0.00031627999999273015, 0.00029356799998936367, 0.0003229829999895628, 0.00031944599999178536, 0.00028809800002704833, 0.00032447499998511375, 0.0003226919999974598, 0.0003008120000060899, 0.00029753500001561406, 0.0003291939999883198, 0.0003158389999953215, 0.0003150670000025002, 0.0003232630000127301, 0.00029644299999631585, 0.0003100979999999254, 0.0003173919999994723, 0.00029458000000204265, 0.00029630299999894305, 0.00030119199999489865, 0.00030896600000573926, 0.0003057399999875088, 0.00030178200000818833, 0.0003184040000121513, 0.00030413700000053723, 0.0003014819999975771, 0.00031881399999633686, 0.00029056200000354693, 0.0002989979999767911, 0.00032848300000409836, 0.0003010319999816602, 0.0003024449999884382, 0.00030626099999153666, 0.00032045800000446434, 0.0003017720000002555, 0.00031371499997590035], "search_avg": 0.0003099014799983024, "search_p50": 0.0003049789999920449, "search_p95": 0.0003288740499954201, "search_p99": 0.0003869471199982397}, "sklearn": {"build_time": 0.0005674180000028173, "build_memory_mb": 0.0, "search_avg": 0.0011403448800035676, "search_p50": 0.0005750175000116542}, "faiss": {"build_time": 0.0010639350000190007, "build_memory_mb": 2.30859375, "search_avg": 7.873382000013863e-05, "search_p50": 7.612200001005931e-05}, "annoy": {"build_time": 0.06035494899998639, "build_memory_mb": 7.91015625, "search_avg": 1.6556640000544577e-05, "search_p50": 1.556400000879421e-05}}