{"timestamp": 1762304753.796531, "dataset": "small", "config": {"N": 10000, "D": 64, "k": 10}, "repeats": 50, "rust_annie": {"build_time": 0.002547541000012643, "build_memory_mb": 3.125, "search_times": [0.0004418860000043878, 0.0004298539999751938, 0.00029760600000372506, 0.0003045789999873705, 0.00031406099998321224, 0.0003246969999963767, 0.0003126339999823813, 0.00030948799999919174, 0.00028310900000860784, 0.00032770300001061514, 0.0003028860000142686, 0.0003281030000152896, 0.0003069429999982276, 0.00034515499999088206, 0.00033583699999439887, 0.0003090169999779846, 0.0003175939999948696, 0.0003554740000026868, 0.000318084999975099, 0.000320018000024902, 0.0003317299999991974, 0.0003017029999909937, 0.00031173200000012, 0.00032728100001122584, 0.0003162619999841354, 0.0003028570000083164, 0.00031750300001931464, 0.0002984279999793671, 0.0003354670000135229, 0.00032710199999996803, 0.00030983900001047004, 0.00032260099999348313, 0.0003303880000089521, 0.00032232300000600844, 0.00031521900001507674, 0.0003383529999894108, 0.00032197199999473014, 0.00030284599998253725, 0.00029359800001316216, 0.00034064700000158155, 0.00035678700001540165, 0.0003217510000013135, 0.0003461569999956282, 0.0003084489999878315, 0.0003102100000091923, 0.0003434820000052241, 0.00034895199999596116, 0.00029186599999775353, 0.00033607899999310575, 0.00030498999998940235], "search_avg": 0.00032442605999904116, "search_p50": 0.0003190515000000005, "search_p95": 0.00035619615000967995, "search_p99": 0.00043599031999008275}, "sklearn": {"build_time": 0.0006087380000110443, "build_memory_mb": 0.125, "search_avg": 0.0013842278799984342, "search_p50": 0.0005778900000024123}, "faiss": {"build_time": 0.0011002360000134104, "build_memory_mb": 2.43359375, "search_avg": 7.769081999981609e-05, "search_p50": 7.3603000004141e-05}, "annoy": {"build_time": 0.05976204200001689, "build_memory_mb": 7.7109375, "search_avg": 1.69113600026094e-05, "search_p50": 1.5674000010790223e-05}}