{"timestamp": 1760784536.606861, "dataset": "medium", "config": {"N": 100000, "D": 128, "k": 20}, "repeats": 50, "rust_annie": {"build_time": 0.051066966000007596, "build_memory_mb": 57.99609375, "search_times": [0.00463723799998661, 0.004349981000018488, 0.003714532000003601, 0.0037372939999613664, 0.0038190469999790366, 0.0037721109999893088, 0.0038645500000029642, 0.003802846999974463, 0.0037788920000139115, 0.0038467890000219995, 0.0037395179999748507, 0.0037649050000254647, 0.003765707000070506, 0.0037690740000471123, 0.0038203800000928823, 0.003875282000080915, 0.003761779999990722, 0.003791886000044542, 0.0037914950000867975, 0.003742022999972505, 0.0038367500000049404, 0.004018138999981602, 0.004037284999981239, 0.004058455000063077, 0.004022917999918718, 0.0038452159999451396, 0.003786566000030689, 0.0037981579999950554, 0.003899296999975377, 0.003818995999949948, 0.0038138280000339364, 0.003813307000086752, 0.003789392000044245, 0.003825790000064444, 0.003815680999991855, 0.0038058430000091903, 0.0037911470000153713, 0.003819507999992311, 0.003847780999990391, 0.0038178639999841835, 0.003864932999931625, 0.0037533239999447687, 0.0038036580000380127, 0.0038127530000338083, 0.0037808859999586275, 0.003778190999923936, 0.003793228000063209, 0.0037935489999654237, 0.0038153000000420434, 0.0037971760000345967], "search_avg": 0.003848005000006651, "search_p50": 0.0038092980000214993, "search_p95": 0.00404892850002625, "search_p99": 0.004496482070002229}, "sklearn": {"build_time": 0.003205197999932352, "build_memory_mb": 0.0, "search_avg": 0.007714809040001, "search_p50": 0.007060678000016196}, "faiss": {"build_time": 0.006371433000026627, "build_memory_mb": 49.296875, "search_avg": 0.0021562720400106626, "search_p50": 0.002156771500040122}, "annoy": {"build_time": 1.1687155800000255, "build_memory_mb": 70.66015625, "search_avg": 4.617223999048292e-05, "search_p50": 4.59560000649617e-05}}