{"timestamp": 1756256450.964402, "dataset": "small", "config": {"N": 10000, "D": 64, "k": 10}, "repeats": 50, "rust_annie": {"build_time": 0.002540243999987979, "build_memory_mb": 3.0, "search_times": [0.0004235919999757698, 0.0003275839999901109, 0.0003127349999942908, 0.0003263609999919481, 0.00032397600000422244, 0.0003196409999759453, 0.00028955199999813885, 0.00029455099999609047, 0.0003035279999892282, 0.0002969159999963722, 0.00031342700000891455, 0.00029249800002162374, 0.0003182949999995799, 0.00031026099998143764, 0.00030899899999781155, 0.00032641100000319057, 0.00030860699999379904, 0.0003254990000129965, 0.00029629400000885653, 0.0003046499999754815, 0.0003130560000101923, 0.0003167520000033619, 0.0003282140000067102, 0.0003238959999976032, 0.0003144280000242361, 0.00030607299999019233, 0.00029475099998421683, 0.00033695099997999023, 0.00030171500000619744, 0.0003085980000037125, 0.000318727000006902, 0.000322622999988198, 0.0003010629999948833, 0.00032711200000790086, 0.0003289260000087779, 0.00030587300000206596, 0.000323575999999548, 0.0003049409999960062, 0.00032763400000135334, 0.00031303599999432663, 0.00032085099999790145, 0.0003000419999921178, 0.00032467800002677905, 0.0003009330000054433, 0.00030311700001561803, 0.0002961739999989277, 0.00032538900001100046, 0.0003032569999845691, 0.0003110220000053232, 0.00031159400001001814], "search_avg": 0.00031476757999939766, "search_p50": 0.0003128854999943087, "search_p95": 0.00032860560000784743, "search_p99": 0.00038113790997783764}, "sklearn": {"build_time": 0.0008287520000180848, "build_memory_mb": 0.0, "search_avg": 0.001238489540000387, "search_p50": 0.0008758040000031997}, "faiss": {"build_time": 0.0010588019999886455, "build_memory_mb": 2.25, "search_avg": 7.739097999831301e-05, "search_p50": 7.520100000135699e-05}, "annoy": {"build_time": 0.06554148300000406, "build_memory_mb": 7.24609375, "search_avg": 1.614459999927931e-05, "search_p50": 1.5698999987989737e-05}}