{"timestamp": 1766106467.927734, "dataset": "medium", "config": {"N": 100000, "D": 128, "k": 20}, "repeats": 50, "rust_annie": {"build_time": 0.052521597000009024, "build_memory_mb": 58.20703125, "search_times": [0.004767643999969096, 0.004354405000015049, 0.003723059000037665, 0.0036605439999561895, 0.003651636000029157, 0.0036933749999548127, 0.0036892869999860523, 0.0036616650000382833, 0.0036462269999901764, 0.0036776349999740887, 0.00368756399996073, 0.0036505649999867273, 0.0036658829999964837, 0.0036138169999730962, 0.0037387290000197027, 0.0037291710000317835, 0.0037223080000217124, 0.003665261999969971, 0.0037658100000044215, 0.0037404329999617403, 0.003653840999959357, 0.0036548129999687262, 0.0036418379999645367, 0.0036114220000058594, 0.0036777349999965736, 0.0037245230000166885, 0.003682865000030233, 0.0036737780000066778, 0.0036725759999853835, 0.0036802199999783625, 0.0036895069999900443, 0.003630959000020084, 0.0036704820000181826, 0.003677154000001792, 0.003707109999993463, 0.003679357999999411, 0.003846699999996872, 0.0036756720000425958, 0.00370883400000821, 0.003799571999991258, 0.003680470000006153, 0.003650614999969548, 0.003603967999993074, 0.003891602999999577, 0.0038740299999631134, 0.0038921140000525156, 0.0039531880000254205, 0.003944241999988662, 0.0038201809999804937, 0.003671332999999777], "search_avg": 0.0037449144399965915, "search_p50": 0.0036803449999922577, "search_p95": 0.00394916230000888, "search_p99": 0.004565156889991612}, "sklearn": {"build_time": 0.0033198090000041702, "build_memory_mb": 0.0, "search_avg": 0.007808228639996742, "search_p50": 0.00674581050000711}, "faiss": {"build_time": 0.007510147999994388, "build_memory_mb": 49.2421875, "search_avg": 0.0021350773400047275, "search_p50": 0.002136686499966345}, "annoy": {"build_time": 1.0473006359999886, "build_memory_mb": 67.25390625, "search_avg": 4.5129180003868894e-05, "search_p50": 4.49439999954393e-05}}