{"timestamp": 1754442667.387003, "dataset": "medium", "config": {"N": 100000, "D": 128, "k": 20}, "repeats": 50, "rust_annie": {"build_time": 0.031305836000001364, "build_memory_mb": 54.89453125, "search_times": [0.005200913999999557, 0.004709935999997583, 0.003977825000006874, 0.0040121489999904725, 0.003956274000003646, 0.0038965729999915766, 0.003922332000001916, 0.0038824869999984912, 0.0038838090000012926, 0.003845807999994122, 0.004116433999996616, 0.004080577999999946, 0.004100035000007551, 0.004067152000004626, 0.003853793000004657, 0.0038515090000004193, 0.003844556000004218, 0.0038511180000000422, 0.0038576000000034583, 0.003821302000005744, 0.003870513999999048, 0.003905298999995921, 0.003855666999996288, 0.0038345469999967463, 0.0038907929999965063, 0.0038738309999928333, 0.0039704020000073115, 0.003879290000000424, 0.003867588999995064, 0.003910949999990976, 0.003921730000001844, 0.0039476989999940315, 0.003869112000003838, 0.003856889000005026, 0.003944312999990984, 0.003836912000011239, 0.0038770260000120516, 0.003868009999990818, 0.003892123999989394, 0.00394994299999496, 0.003920627999988824, 0.003927790999995295, 0.003945145000002981, 0.0038606760000021723, 0.0038512190000119517, 0.0039471680000104925, 0.004033118999998919, 0.003979307999998127, 0.003918374000008384, 0.00389461000000324], "search_avg": 0.00395665723999997, "search_p50": 0.0038955914999974084, "search_p95": 0.004109054450001537, "search_p99": 0.0049603347799985886}, "sklearn": {"build_time": 0.0035212009999980864, "build_memory_mb": 0.0, "search_avg": 0.007899940920000006, "search_p50": 0.007090230999999392}, "faiss": {"build_time": 0.0079208660000063, "build_memory_mb": 49.4140625, "search_avg": 0.0023822907200005262, "search_p50": 0.002394496500002674}, "annoy": {"build_time": 1.087368619000003, "build_memory_mb": 66.16796875, "search_avg": 4.638378000066723e-05, "search_p50": 4.550450000095907e-05}}