{"timestamp": 1761095006.176056, "dataset": "small", "config": {"N": 10000, "D": 64, "k": 10}, "repeats": 50, "rust_annie": {"build_time": 0.0025243129999807934, "build_memory_mb": 3.125, "search_times": [0.0004472980000400639, 0.0006205029999932776, 0.00042061800002102245, 0.0005554309999524776, 0.0005248239999673388, 0.0005382389999795123, 0.0005643879999865931, 0.00031550199997809614, 0.00048476900002469847, 0.0005232209999803672, 0.000604723999970247, 0.00045068500003253575, 0.00029525299999022536, 0.0003143289999911758, 0.0003091590000394717, 0.0003094799999985298, 0.0003187970000340101, 0.0002899639999895953, 0.0002931299999886505, 0.00030815799999572846, 0.00029630599999563856, 0.00034655999996857645, 0.0002912560000254416, 0.0003246289999765395, 0.0003342069999803243, 0.00030699600000616556, 0.0003008539999882487, 0.00030921000001171706, 0.00029898099995762095, 0.00031806600003392305, 0.000319257999990441, 0.00032908699995459756, 0.000343083000018396, 0.0003464300000359799, 0.000348022000025594, 0.0003339149999987967, 0.00032053099999984624, 0.00031705499998224695, 0.0003097910000064985, 0.00035235999996530154, 0.0003080679999811764, 0.0002953039999624707, 0.00032647000000451953, 0.00033917600001132087, 0.0002816589999952157, 0.0003159820000178115, 0.0003116849999855731, 0.0003126759999645401, 0.0003168850000179191, 0.00031828699997049625], "search_avg": 0.0003612252199957311, "search_p50": 0.0003185420000022532, "search_p95": 0.000560357349971241, "search_p99": 0.0006127712899819925}, "sklearn": {"build_time": 0.0005769910000026357, "build_memory_mb": 0.0, "search_avg": 0.0015495491399997263, "search_p50": 0.0005812095000123918}, "faiss": {"build_time": 0.0011518899999600762, "build_memory_mb": 2.375, "search_avg": 8.005895999872336e-05, "search_p50": 7.653349999259262e-05}, "annoy": {"build_time": 0.06068488599999, "build_memory_mb": 6.01171875, "search_avg": 1.6307840000990835e-05, "search_p50": 1.569450000715733e-05}}