{"timestamp": 1755566253.435473, "dataset": "small", "config": {"N": 10000, "D": 64, "k": 10}, "repeats": 50, "rust_annie": {"build_time": 0.002383078000008254, "build_memory_mb": 3.375, "search_times": [0.0004612670000057051, 0.00030551399999012574, 0.00029915199999663855, 0.00042584899999553727, 0.0003052320000023201, 0.00041368600000168954, 0.00030780800000229647, 0.0002904849999936232, 0.00040278599999510334, 0.0003051529999993363, 0.00040026100001000486, 0.000332224000004544, 0.00038127499999518477, 0.0002887719999904448, 0.00034076000000027307, 0.0003083189999983915, 0.000310662999993383, 0.00031115299999839863, 0.00032250600000338636, 0.0002984510000061391, 0.00029795899999385256, 0.00032760499999540116, 0.00031172500000309356, 0.00031550200000651785, 0.0005058400000024221, 0.0003188879999953542, 0.0003133380000122088, 0.0003028080000007094, 0.00029180800000006, 0.00029836000000216245, 0.00028587699999604865, 0.00031248700000219287, 0.00029738800000700394, 0.00031826699999726316, 0.0003035490000087293, 0.00031593299999599367, 0.0002978699999971468, 0.00030368000000180473, 0.00030074400000046353, 0.00033863600000927363, 0.00029838000000381726, 0.0002898930000014843, 0.00033143199999585704, 0.00033222300000090854, 0.0003140400000063437, 0.00029673699999932523, 0.0003224649999964413, 0.00030210700001020996, 0.0002974180000023807, 0.00030415099999459017], "search_avg": 0.00032516852000043174, "search_p50": 0.00030949099999588725, "search_p95": 0.00042037564999830574, "search_p99": 0.00048399923000403067}, "sklearn": {"build_time": 0.0005381699999986722, "build_memory_mb": 0.0, "search_avg": 0.0010842527199991991, "search_p50": 0.0005849625000067249}, "faiss": {"build_time": 0.0009951579999949445, "build_memory_mb": 2.375, "search_avg": 7.401674000135473e-05, "search_p50": 7.141399999710529e-05}, "annoy": {"build_time": 0.06110579699999619, "build_memory_mb": 7.8125, "search_avg": 1.6178540002442786e-05, "search_p50": 1.5639000004341597e-05}}