{"timestamp": 1767056873.051508, "dataset": "medium", "config": {"N": 100000, "D": 128, "k": 20}, "repeats": 50, "rust_annie": {"build_time": 0.0558038359999955, "build_memory_mb": 58.04296875, "search_times": [0.004809300999994548, 0.004405628000000661, 0.003821466999994527, 0.00367474300000481, 0.0037567159999980504, 0.003679672000004075, 0.0036990589999845724, 0.0036322029999951155, 0.0037061710000045878, 0.0037053200000229936, 0.0036996289999819965, 0.003691054000000804, 0.004580981999993128, 0.0039426730000116095, 0.003744632999996611, 0.0036447269999939635, 0.0036749830000246675, 0.0037186369999915314, 0.003661497999985386, 0.0036779989999899954, 0.0036606339999991633, 0.0036621190000118986, 0.0037330119999978706, 0.0036727289999873847, 0.0036555469999939305, 0.00371960699999363, 0.003667820000003985, 0.0036322329999904923, 0.0037778950000131317, 0.0037104499999998097, 0.003678278999984741, 0.003699712000013733, 0.003672745999978133, 0.003956769000012628, 0.0039586329999963255, 0.003946058999986235, 0.003998077000005651, 0.003994680000005246, 0.004006042000014531, 0.004067996999992829, 0.0037102289999779714, 0.0037970110000173918, 0.003849478999995881, 0.003881337999985135, 0.003962870999998813, 0.00395108899999741, 0.00396174900001256, 0.003996893999982376, 0.0037176830000191785, 0.0036501069999985702], "search_avg": 0.0038255316999988055, "search_p50": 0.003718160000005355, "search_p95": 0.0042536940499971355, "search_p99": 0.0046974246899938515}, "sklearn": {"build_time": 0.0034944660000064687, "build_memory_mb": 0.0, "search_avg": 0.007572725119999859, "search_p50": 0.0068303055000029644}, "faiss": {"build_time": 0.00843938100001651, "build_memory_mb": 49.24609375, "search_avg": 0.0023073778600013386, "search_p50": 0.0022938389999893616}, "annoy": {"build_time": 1.0707925579999937, "build_memory_mb": 69.54296875, "search_avg": 4.694987999982914e-05, "search_p50": 4.634649999957219e-05}}