{"timestamp": 1762823126.337847, "dataset": "small", "config": {"N": 10000, "D": 64, "k": 10}, "repeats": 50, "rust_annie": {"build_time": 0.0021775239999897167, "build_memory_mb": 3.01953125, "search_times": [0.00047442100000694154, 0.00036600699999667086, 0.00034040899998899476, 0.00033659900000770904, 0.00032991899999501584, 0.0003471119999858274, 0.0003553679999868109, 0.00033279900000593443, 0.0003424219999885736, 0.00040560600001526836, 0.0003525780000188661, 0.0003374570000005406, 0.0003314450000004854, 0.00032404600000290884, 0.0003136299999937364, 0.00030023899998354864, 0.00033003100000428276, 0.0003180909999969117, 0.00033344199999874036, 0.00029849000000581327, 0.00029169100000103754, 0.00033692299999188435, 0.0003408790000207773, 0.00030611500000077285, 0.00033333000001789514, 0.00031265399999824695, 0.00029711799999176947, 0.0003208660000098007, 0.0003053979999947387, 0.0002987769999833745, 0.00029437300000267896, 0.0003102860000012697, 0.00036670899999080575, 0.0004163380000079542, 0.0003172369999902003, 0.00042764500000203043, 0.00031701300000008814, 0.0003334270000152628, 0.00033610500000236243, 0.00034190799999578303, 0.00029831300000182637, 0.00041713699999945675, 0.0005334649999895191, 0.0003486450000025343, 0.0003787130000034722, 0.0003399660000127369, 0.00030227400000626403, 0.00031585900001118716, 0.00028898399997956403, 0.00029226699999185257], "search_avg": 0.0003398105200000145, "search_p50": 0.0003330645000119148, "search_p95": 0.00042291640000087223, "search_p99": 0.000504533439998056}, "sklearn": {"build_time": 0.0006791349999843987, "build_memory_mb": 0.0, "search_avg": 0.0014789904599984993, "search_p50": 0.0008439340000023776}, "faiss": {"build_time": 0.0011901329999943755, "build_memory_mb": 2.25, "search_avg": 9.654251999791086e-05, "search_p50": 9.271799999055474e-05}, "annoy": {"build_time": 0.058265643999988015, "build_memory_mb": 6.125, "search_avg": 1.5554560000623497e-05, "search_p50": 1.4740500006382717e-05}}