{"timestamp": 1767575717.423752, "dataset": "medium", "config": {"N": 100000, "D": 128, "k": 20}, "repeats": 50, "rust_annie": {"build_time": 0.052327835000028244, "build_memory_mb": 57.93359375, "search_times": [0.004810308999992685, 0.004362375999988899, 0.003670143999983111, 0.003621022000004359, 0.003645446999996693, 0.0036929169999950773, 0.0036083560000008674, 0.003680803999998261, 0.0036795539999729954, 0.003765392999980577, 0.0036697829999923215, 0.0036831580000011854, 0.003684531000004654, 0.00371928600000615, 0.003637292000007619, 0.003663480999989588, 0.0036569999999755964, 0.003727851999997256, 0.0036981169999990016, 0.0036741010000014285, 0.0036969139999882827, 0.003709157999992385, 0.003716308999997864, 0.0036935610000057295, 0.0037471690000074886, 0.0037963419999869075, 0.0037497030000110954, 0.003759261999988439, 0.0036972860000048513, 0.003710920999992595, 0.0038018219999855773, 0.0037292049999848587, 0.0037212600000202656, 0.003712903999996797, 0.0038729050000085863, 0.003887833000021601, 0.003911208000005217, 0.0038732860000152414, 0.003941964999995662, 0.0039259649999792146, 0.003990486999981613, 0.003944850000010547, 0.004000375000003942, 0.003937277000005679, 0.00394159399999694, 0.003973234000000048, 0.003987760999990542, 0.003983774000005269, 0.0036554159999866442, 0.0036380340000050637], "search_avg": 0.0038011740599972654, "search_p50": 0.003720273000013208, "search_p95": 0.003995925399993894, "search_p99": 0.004590821829990829}, "sklearn": {"build_time": 0.003344481999988602, "build_memory_mb": 0.0, "search_avg": 0.008360297400001855, "search_p50": 0.007037083000000166}, "faiss": {"build_time": 0.007924196000004713, "build_memory_mb": 49.26171875, "search_avg": 0.0021977035400044544, "search_p50": 0.0021955350000126828}, "annoy": {"build_time": 1.033095707000001, "build_memory_mb": 67.71875, "search_avg": 4.437123999935011e-05, "search_p50": 4.253050001068459e-05}}