{"timestamp": 1764637504.806806, "dataset": "small", "config": {"N": 10000, "D": 64, "k": 10}, "repeats": 50, "rust_annie": {"build_time": 0.002496694999990723, "build_memory_mb": 3.14453125, "search_times": [0.0004503299999782939, 0.00029379800002971024, 0.00030164200001081554, 0.000309967999953642, 0.0002926860000229681, 0.0002901010000186943, 0.0003186449999930119, 0.00031378500000300846, 0.00030695200001673584, 0.0003106999999999971, 0.00032295300002260774, 0.00033452299999225943, 0.00028958999996575585, 0.00030291399997395274, 0.00030192899998837675, 0.00030488799995964655, 0.000321069000051466, 0.00030826500000102897, 0.00027890000001207227, 0.00030326499995680933, 0.00027703699998937736, 0.0002881969999748435, 0.00027509300002748205, 0.00029989899996962777, 0.0003376089999846954, 0.0003054289999795401, 0.0003330710000000181, 0.0003047280000032515, 0.0002969140000459447, 0.000309898000011799, 0.0002993069999774889, 0.0003177629999981946, 0.0003305960000261621, 0.0002973040000142646, 0.000289579999957823, 0.0002984390000051462, 0.00029760400002487586, 0.000298787000019729, 0.00028983999999354637, 0.0003144660000202748, 0.00030197299997780647, 0.00029833700000381214, 0.0003246960000069521, 0.0003033659999687188, 0.00028779699999859076, 0.00028352900000072623, 0.0003023340000254393, 0.0002844699999968725, 0.00027709599999070633, 0.00030980799999724695], "search_avg": 0.0003058373999988362, "search_p50": 0.0003021535000016229, "search_p95": 0.0003338695999957508, "search_p99": 0.0003950967099814304}, "sklearn": {"build_time": 0.0006122509999499925, "build_memory_mb": 0.0, "search_avg": 0.0012974038999948334, "search_p50": 0.0005873599999972612}, "faiss": {"build_time": 0.0011246469999832698, "build_memory_mb": 2.25, "search_avg": 7.692576000067674e-05, "search_p50": 7.049600000641476e-05}, "annoy": {"build_time": 0.059394303999965814, "build_memory_mb": 7.75390625, "search_avg": 1.598319999175146e-05, "search_p50": 1.5257999990581084e-05}}