{"timestamp": 1756170176.58097, "dataset": "medium", "config": {"N": 100000, "D": 128, "k": 20}, "repeats": 50, "rust_annie": {"build_time": 0.04535141600000259, "build_memory_mb": 54.75, "search_times": [0.005281351999997241, 0.00481338899999173, 0.004003037000003928, 0.004046508000001836, 0.004226354000010701, 0.003943876999997542, 0.003948575999999093, 0.0041882729999969115, 0.004286716999999385, 0.0038727649999970026, 0.004092545000005998, 0.004091623000007871, 0.004013888000002908, 0.0041459149999951705, 0.004081352999989463, 0.0040057020000006105, 0.003898672999994801, 0.003924310000002151, 0.003920793999995453, 0.003910454999996205, 0.003906267000004959, 0.0039028409999986025, 0.0038224709999923334, 0.003911075999994296, 0.003921655999988616, 0.003912427999992474, 0.0039378360000057455, 0.003926956000000814, 0.003867235000001301, 0.00387865500000828, 0.0038674449999973604, 0.0039029710000022533, 0.003977138999999852, 0.004173245000004044, 0.0040577890000008665, 0.0040886470000032205, 0.0040510080000046855, 0.004023105000001692, 0.004059233000006657, 0.004080112000011127, 0.003986616999995363, 0.004036630000001651, 0.003957252000006406, 0.004071796000005179, 0.004020088999993732, 0.004286467000000016, 0.0038968599999975595, 0.003993129000008366, 0.004220071999995412, 0.004156052999988447], "search_avg": 0.004051783719999947, "search_p50": 0.004004369500002269, "search_p95": 0.004286604499999669, "search_p99": 0.00505205012999454}, "sklearn": {"build_time": 0.003454603999998085, "build_memory_mb": 0.125, "search_avg": 0.007671107559999939, "search_p50": 0.007174052999992853}, "faiss": {"build_time": 0.008036322000009477, "build_memory_mb": 49.25, "search_avg": 0.0022530722600004084, "search_p50": 0.002245874999985631}, "annoy": {"build_time": 1.074076013000024, "build_memory_mb": 70.265625, "search_avg": 4.5351759998766285e-05, "search_p50": 4.43124999947031e-05}}