{"timestamp": 1766711273.98505, "dataset": "medium", "config": {"N": 100000, "D": 128, "k": 20}, "repeats": 50, "rust_annie": {"build_time": 0.051968444999999974, "build_memory_mb": 58.1953125, "search_times": [0.004722297000000708, 0.004443866999991997, 0.003565124000004971, 0.0036639790000094763, 0.0036129140000014104, 0.0037108060000150545, 0.0036398039999880893, 0.003667745999990757, 0.0036313570000174877, 0.0036232429999927263, 0.0036300349999862647, 0.0036293550000152663, 0.003623864000019239, 0.0036848379999980807, 0.00365530999999919, 0.003739349999989372, 0.0036637609999843335, 0.0036405049999927996, 0.003669268999999531, 0.0036771940000051018, 0.003610680000008415, 0.0037173890000019583, 0.003930596999992986, 0.004017751000020553, 0.00392999600001076, 0.003930595999975139, 0.003602975000006836, 0.0037246199999856344, 0.0036706319999950665, 0.0037312750000069173, 0.0036435009999991053, 0.0036857799999836516, 0.0037680940000086593, 0.0036186250000014297, 0.00365836800000352, 0.0036369080000042686, 0.0036238630000013927, 0.0037127399999974386, 0.0036505839999847467, 0.0036129860000073677, 0.0036512329999993653, 0.0036402269999769032, 0.0036074040000073637, 0.0036643090000154643, 0.003661104000002524, 0.00390576099999862, 0.003948511000004373, 0.00398908600001846, 0.003920609000005015, 0.0037373659999957454], "search_avg": 0.0037419637600004307, "search_p50": 0.0036641440000124703, "search_p95": 0.004004851750019611, "search_p99": 0.004585866299996439}, "sklearn": {"build_time": 0.0031943110000156594, "build_memory_mb": 0.0, "search_avg": 0.007821398780001232, "search_p50": 0.007055899000008026}, "faiss": {"build_time": 0.007915956999994478, "build_memory_mb": 49.32421875, "search_avg": 0.0021822062999973467, "search_p50": 0.0021766584999909355}, "annoy": {"build_time": 1.0519045089999963, "build_memory_mb": 69.0390625, "search_avg": 4.333239999880334e-05, "search_p50": 4.331549999392337e-05}}