{"timestamp": 1756342807.806713, "dataset": "small", "config": {"N": 10000, "D": 64, "k": 10}, "repeats": 50, "rust_annie": {"build_time": 0.002287736999988965, "build_memory_mb": 3.125, "search_times": [0.00044762900000705486, 0.00034022799999888775, 0.0003091499999925418, 0.00029536399999585683, 0.000315081000010764, 0.0003134269999947037, 0.00030495199999336364, 0.0003203809999945406, 0.00033143199999585704, 0.00029761800000471794, 0.00030108400000017355, 0.0003201979999971627, 0.0003107430000000022, 0.00033378599999878134, 0.00031669300000203293, 0.0003133069999989857, 0.0003572389999959569, 0.0002998020000006818, 0.0002971970000089641, 0.00028968300000542513, 0.0003156810000035648, 0.00033679100000938433, 0.00030347899999583205, 0.0003157519999916758, 0.0003008730000004789, 0.0002947530000056986, 0.00032898700000316694, 0.00031552200000817265, 0.00030072299999517327, 0.0003157010000052196, 0.0003076269999979786, 0.0003148499999952037, 0.0003253189999981032, 0.0003095399999892834, 0.0002919470000080082, 0.00028699799999287734, 0.0003331850000023451, 0.0003036789999981693, 0.00030500199999039523, 0.00031490000000644613, 0.0002984289999972134, 0.000304391000000237, 0.0003161930000032953, 0.0003092599999945378, 0.00028600499999242857, 0.0002897330000024567, 0.0003098910000005617, 0.0002968759999930626, 0.00028887099999508337, 0.00032320500000082575], "search_avg": 0.0003131831399994667, "search_p50": 0.00030971549999492254, "search_p95": 0.0003386813500036112, "search_p99": 0.00040333790000161667}, "sklearn": {"build_time": 0.000593292000004908, "build_memory_mb": 0.125, "search_avg": 0.0012065547800000332, "search_p50": 0.0005660060000067801}, "faiss": {"build_time": 0.0010335079999919117, "build_memory_mb": 2.3984375, "search_avg": 7.265046000185294e-05, "search_p50": 6.97010000010323e-05}, "annoy": {"build_time": 0.06087526899999318, "build_memory_mb": 8.03515625, "search_avg": 1.672541999994337e-05, "search_p50": 1.5714499994601283e-05}}