{"timestamp": 1755047233.452554, "dataset": "small", "config": {"N": 10000, "D": 64, "k": 10}, "repeats": 50, "rust_annie": {"build_time": 0.0023269769999956225, "build_memory_mb": 3.375, "search_times": [0.00042396500001018467, 0.0003195989999937865, 0.00031328700001154175, 0.0002948730000014166, 0.0002852149999910125, 0.0002876289999846904, 0.00028392300001200965, 0.00030917000000840744, 0.0002978379999944991, 0.0003166740000040136, 0.0002861970000083147, 0.00030987099998469603, 0.00030488199999467724, 0.0002904549999982464, 0.00029528300001402386, 0.000287428999996564, 0.0003155820000131371, 0.00028905199999940123, 0.00030758599999103353, 0.00036892199997851094, 0.0003055619999940973, 0.00028479400000946953, 0.00029633500000159074, 0.0002865069999984371, 0.0003037700000163568, 0.00030579299999544673, 0.0003187279999963266, 0.00030189599999630445, 0.0002900539999757257, 0.00031310700001085934, 0.0003054930000132572, 0.000293510000005881, 0.00034673999999768057, 0.00030077400001005117, 0.00029141699999968296, 0.00029801900001302783, 0.000292869000020346, 0.0003107730000238007, 0.00028504400000883834, 0.00031564200000389064, 0.00032042099999785023, 0.0002990309999972851, 0.0002893229999756386, 0.0002949529999796141, 0.0003092700000024706, 0.0002919679999990876, 0.0002988100000038685, 0.0003051829999947131, 0.0003250489999970796, 0.0003012850000061462], "search_avg": 0.0003053910400006998, "search_p50": 0.0003010295000080987, "search_p95": 0.0003369790499974101, "search_p99": 0.00039699392999466445}, "sklearn": {"build_time": 0.0005497209999987263, "build_memory_mb": 0.125, "search_avg": 0.0010474047599984715, "search_p50": 0.0005792114999962905}, "faiss": {"build_time": 0.0010257039999999051, "build_memory_mb": 2.30078125, "search_avg": 7.110071999932188e-05, "search_p50": 6.839299999228388e-05}, "annoy": {"build_time": 0.06062612600001671, "build_memory_mb": 6.0, "search_avg": 1.698484000030476e-05, "search_p50": 1.5423999997210558e-05}}