{"timestamp": 1755806528.571572, "dataset": "medium", "config": {"N": 100000, "D": 128, "k": 20}, "repeats": 50, "rust_annie": {"build_time": 0.03190044500001932, "build_memory_mb": 55.01953125, "search_times": [0.005324842999982593, 0.004758954999999787, 0.003931598000008307, 0.003847311000015452, 0.004089512999996714, 0.004156728999987536, 0.0039489410000044245, 0.00391640000000848, 0.0038438540000242938, 0.004131522000022869, 0.0040635049999764306, 0.004087188999989166, 0.004074154999983648, 0.004042304999984481, 0.004155446999988044, 0.0040804980000075375, 0.0040630449999810025, 0.0040433979999932035, 0.003954350999975986, 0.003958830000016178, 0.003908365000000913, 0.0038855030000206625, 0.004015135000003056, 0.0038837189999867405, 0.004151368999998795, 0.003975340000010874, 0.0040664509999999154, 0.004056261000016548, 0.00400948399999379, 0.004045731999980262, 0.004020805999999766, 0.003908666000000949, 0.00398451700002056, 0.003970831999993152, 0.003992963000001737, 0.003928693000005978, 0.003927551000003859, 0.004022047000006523, 0.003994777000002614, 0.0039027640000028896, 0.004193297000000484, 0.0040462630000206445, 0.004130940999999666, 0.0041183669999895756, 0.0042146670000136055, 0.004455888999984836, 0.004089854000000059, 0.004089143000015838, 0.0040296219999902405, 0.004039239999997335], "search_avg": 0.00407061294000016, "search_p50": 0.004040772499990908, "search_p95": 0.004347339099997781, "search_p99": 0.005047557879991017}, "sklearn": {"build_time": 0.0034506500000190954, "build_memory_mb": 0.0, "search_avg": 0.008782666059999542, "search_p50": 0.008275983499999029}, "faiss": {"build_time": 0.008573593999983586, "build_memory_mb": 49.2265625, "search_avg": 0.0022866857400003935, "search_p50": 0.0022733490000064194}, "annoy": {"build_time": 1.0697402150000244, "build_memory_mb": 67.08203125, "search_avg": 4.66511599995556e-05, "search_p50": 4.5689999979003915e-05}}