{"timestamp": 1761008549.635824, "dataset": "small", "config": {"N": 10000, "D": 64, "k": 10}, "repeats": 50, "rust_annie": {"build_time": 0.0025742419999801314, "build_memory_mb": 3.0, "search_times": [0.00047118399999135363, 0.0004053010000006907, 0.00031631399997422704, 0.00032077200000912853, 0.0003045130000032259, 0.0002793240000187325, 0.00029841999997870516, 0.0003060550000100193, 0.00031494199998860495, 0.0003029560000413767, 0.0003161129999966761, 0.00029588500001409557, 0.000298710000038227, 0.0002993040000092151, 0.00031213599999091457, 0.0002960759999837137, 0.0003352890000201114, 0.0002810279999607701, 0.0002828809999755322, 0.00029458300002715987, 0.00027643900000384747, 0.0003145009999911963, 0.00030284899997923276, 0.0003427130000090983, 0.00030453100004024236, 0.0002953050000087387, 0.00030048399997895103, 0.00029370099997549914, 0.00031522099999392594, 0.00032278600002655367, 0.00028272100001913714, 0.0003665549999709583, 0.0003488250000032167, 0.00031106400001590373, 0.0002946640000232037, 0.0002933009999992464, 0.00032581200002823607, 0.0003157329999794456, 0.00032366799996452755, 0.00032529099996736477, 0.00031539200000452183, 0.00032253799997761234, 0.0003084090000129436, 0.0003057039999703193, 0.0002743750000036016, 0.0002962770000181081, 0.0002696959999752835, 0.00029388100000460327, 0.00033671199997797885, 0.000313418000018828], "search_avg": 0.00031248703999949614, "search_p50": 0.0003058794999901693, "search_p95": 0.0003585764999854745, "search_p99": 0.00043890132999592865}, "sklearn": {"build_time": 0.0005651710000051935, "build_memory_mb": 0.0, "search_avg": 0.0015104112999995323, "search_p50": 0.0005567499999585834}, "faiss": {"build_time": 0.0010733149999850866, "build_memory_mb": 2.3828125, "search_avg": 7.662010000558439e-05, "search_p50": 6.965100001821156e-05}, "annoy": {"build_time": 0.059651086999963354, "build_memory_mb": 6.0390625, "search_avg": 1.6392580002957404e-05, "search_p50": 1.545400004943076e-05}}