{"timestamp": 1763686990.331424, "dataset": "small", "config": {"N": 10000, "D": 64, "k": 10}, "repeats": 50, "rust_annie": {"build_time": 0.0025930510000193863, "build_memory_mb": 3.01953125, "search_times": [0.00047425500000031207, 0.000355043000013211, 0.0003663839999887841, 0.00033170899999390713, 0.00031631999999603977, 0.00033104799999250645, 0.0003230430000087381, 0.0002996990000099231, 0.0003090069999984735, 0.00030990799999131013, 0.0003058810000027279, 0.00033375199998886274, 0.00030361700001435565, 0.00031937599999309896, 0.000308846999985235, 0.0002911939999989954, 0.000291603999983181, 0.0003338330000133283, 0.00031388599998649624, 0.0003048989999854257, 0.0003079640000009931, 0.0003112390000126197, 0.0003172720000179652, 0.0003027150000036727, 0.0003247059999864632, 0.0002973050000036892, 0.000326740000019754, 0.00030003000000533575, 0.0003137559999970563, 0.000299388999991379, 0.00030657299998892995, 0.00030956699998796466, 0.0003197069999885116, 0.0003403949999949418, 0.00031919500000299195, 0.00031026900001052127, 0.00029584200001409044, 0.0003395739999803027, 0.0003225130000146237, 0.0003186550000009447, 0.0003251569999918047, 0.0003158089999999447, 0.0002994589999900654, 0.00030934800000181895, 0.00031538799998998, 0.0002965340000002925, 0.00030221399998708876, 0.00030494999998609273, 0.0002967739999917285, 0.0003232630000127301], "search_avg": 0.0003179121399983842, "search_p50": 0.000312497500004838, "search_p95": 0.0003484514000049898, "search_p99": 0.00042139820999466317}, "sklearn": {"build_time": 0.0006144660000018121, "build_memory_mb": 0.0, "search_avg": 0.001373692160001383, "search_p50": 0.0005934075000055827}, "faiss": {"build_time": 0.001256444999995665, "build_memory_mb": 2.38671875, "search_avg": 0.00010006684000131827, "search_p50": 9.89245000084793e-05}, "annoy": {"build_time": 0.05992662399998494, "build_memory_mb": 7.890625, "search_avg": 1.7787480000492906e-05, "search_p50": 1.6956999999706568e-05}}