{"timestamp": 1765764444.94741, "dataset": "medium", "config": {"N": 100000, "D": 128, "k": 20}, "repeats": 50, "rust_annie": {"build_time": 0.051924268999982814, "build_memory_mb": 58.0625, "search_times": [0.004720813999995244, 0.004304789000002529, 0.003635841999994227, 0.003621675999966101, 0.0035691990000259466, 0.0035593999999719017, 0.0036519320000252264, 0.0036568920000377148, 0.0036628720000067005, 0.0036910649999981615, 0.0037032980000049065, 0.0036506710000026033, 0.003752985999994962, 0.003689562999966256, 0.0036590259999798036, 0.003629590000002736, 0.0037857519999988654, 0.0038345820000245112, 0.0038380290000077366, 0.00385704499996109, 0.0038616329999854315, 0.003959845999986555, 0.003931333000025461, 0.004079337999996824, 0.0037862130000121397, 0.0037722769999959382, 0.00378659300002937, 0.003821708000032231, 0.0039169760000277165, 0.0038945939999734946, 0.003956458999994084, 0.003948624999964068, 0.003666419000012411, 0.003676316999985829, 0.0036618410000528456, 0.0036825500000077227, 0.0037019559999862395, 0.00368846100002429, 0.0037000110000349196, 0.003702367000016693, 0.0037334639999926367, 0.0036329060000070967, 0.00372187200002827, 0.0036561210000058963, 0.003716241999995873, 0.0037105019999899014, 0.003660797999998522, 0.0037282850000224244, 0.0036973770000372497, 0.003808143000014752], "search_avg": 0.0037747250000040823, "search_p50": 0.003706899999997404, "search_p95": 0.004025566599992203, "search_p99": 0.004516961749998813}, "sklearn": {"build_time": 0.0032416079999961767, "build_memory_mb": 0.0, "search_avg": 0.007956930720000628, "search_p50": 0.0070665130000122645}, "faiss": {"build_time": 0.007659337000006872, "build_memory_mb": 49.2421875, "search_avg": 0.0022002499399945918, "search_p50": 0.0021919024999874637}, "annoy": {"build_time": 1.0489972049999778, "build_memory_mb": 66.74609375, "search_avg": 4.4548379999014285e-05, "search_p50": 4.380649997415276e-05}}