{"timestamp": 1762563632.610297, "dataset": "medium", "config": {"N": 100000, "D": 128, "k": 20}, "repeats": 50, "rust_annie": {"build_time": 0.05150576899998782, "build_memory_mb": 57.91796875, "search_times": [0.004732539999992014, 0.0044250969999950485, 0.003783167999984016, 0.003714449000000286, 0.003737712999992482, 0.0036902260000033493, 0.003690132000002677, 0.0037796409999941716, 0.003788847999999234, 0.0037978240000029473, 0.003849381000009089, 0.0037531440000009297, 0.0038190530000008494, 0.0037732180000205062, 0.0037744010000153594, 0.0037969630000134202, 0.003776065000010931, 0.0037682020000033845, 0.003746589000002132, 0.003864540000023453, 0.003807983999990938, 0.0037838490000012825, 0.0037555639999879986, 0.003769993000020122, 0.0037913729999843326, 0.0037962940000113576, 0.0037627400000133093, 0.0037678170000106093, 0.0037538619999963885, 0.0037573390000034124, 0.003851116999982196, 0.004103566000026149, 0.004035960000010164, 0.004057970999980398, 0.004043262999999797, 0.0040510279999921295, 0.004057870999986335, 0.003999722000003203, 0.004007266000002119, 0.004036580999979833, 0.0039523629999962395, 0.003951862999997502, 0.004062440000012657, 0.0037421189999804483, 0.003889924999981531, 0.0037996279999958915, 0.004140505000009398, 0.0041135350000161, 0.004163347000002204, 0.004040581000026577], "search_avg": 0.003898173200001338, "search_p50": 0.0037987259999994194, "search_p95": 0.004153068100005442, "search_p99": 0.0045818929299935}, "sklearn": {"build_time": 0.003459141999996973, "build_memory_mb": 0.125, "search_avg": 0.008313172360000181, "search_p50": 0.0070576244999926985}, "faiss": {"build_time": 0.007749807999999803, "build_memory_mb": 49.3671875, "search_avg": 0.0021446460400034086, "search_p50": 0.0021387055000019473}, "annoy": {"build_time": 1.064716328000003, "build_memory_mb": 66.69140625, "search_avg": 4.423430000201733e-05, "search_p50": 4.3126000008442134e-05}}