{"timestamp": 1761527227.838966, "dataset": "small", "config": {"N": 10000, "D": 64, "k": 10}, "repeats": 50, "rust_annie": {"build_time": 0.0025064879999945333, "build_memory_mb": 3.0, "search_times": [0.0004976950000354918, 0.00031197900000279333, 0.00031365199993160786, 0.0003354729999500705, 0.00031530599994766817, 0.00032312100006492983, 0.0003398820000484193, 0.00030232199992497044, 0.0002822149999701651, 0.0003086240000129692, 0.00029680199997983436, 0.0003051569999570347, 0.00029011899994202395, 0.0003084830000261718, 0.00029679199997190153, 0.0003077210000128616, 0.00030962499999986903, 0.00029894599992985604, 0.00032064599997738696, 0.0003267770000547898, 0.0003163280000535451, 0.0002979729999879055, 0.0003218780000224797, 0.00033385100005034474, 0.00030143999993015314, 0.00034033200006433617, 0.0002982349999456346, 0.0003067300000338946, 0.00031202999991819524, 0.000313492999907794, 0.0003073409999387877, 0.0002988850000065213, 0.0003442800000357238, 0.0003116499999578082, 0.0003088039999283865, 0.00032840999995187303, 0.00030889399999978195, 0.00031222000006891903, 0.0003425270000434466, 0.00030873400010023033, 0.0003282400000443886, 0.00032559400005993666, 0.0003080320000208303, 0.00030536700000993733, 0.00032471300005454395, 0.0003364849999343278, 0.00032738900006279437, 0.0003395009999849208, 0.00032806000001528446, 0.00033365000001595035], "search_avg": 0.00031924805999778983, "search_p50": 0.00031212499999355714, "search_p95": 0.0003415392500528469, "search_p99": 0.0004225216500356052}, "sklearn": {"build_time": 0.0006002860000080545, "build_memory_mb": 0.0, "search_avg": 0.0012947754000038002, "search_p50": 0.0005704349999859915}, "faiss": {"build_time": 0.0010782930000914348, "build_memory_mb": 2.3984375, "search_avg": 7.545416000084515e-05, "search_p50": 7.172350001383165e-05}, "annoy": {"build_time": 0.0603215779999573, "build_memory_mb": 7.5, "search_avg": 1.5622579996943387e-05, "search_p50": 1.5007499996499973e-05}}