{"timestamp": 1767647794.777492, "dataset": "small", "config": {"N": 10000, "D": 64, "k": 10}, "repeats": 50, "rust_annie": {"build_time": 0.0024496339999870997, "build_memory_mb": 3.125, "search_times": [0.0004086029999825769, 0.00038523399999235153, 0.0003252269999904911, 0.00029462000000535227, 0.00028365000000007967, 0.00030769400001418035, 0.00028181600001175866, 0.00028075400001625894, 0.00030976799999393734, 0.00030206400001020484, 0.00031114100002582745, 0.00029418999997687934, 0.00032219099998087586, 0.00035109799998167546, 0.00037975100002540785, 0.00033153900000115755, 0.00029728499998782354, 0.0002983570000196778, 0.00032021700002360376, 0.00030572100001791114, 0.0003106000000059339, 0.00031574999999861575, 0.00031954700000369485, 0.0003079349999950409, 0.00030895699998723103, 0.0003132639999989806, 0.0002892499999802567, 0.00030675300001803407, 0.00028205600000319464, 0.0002953009999941969, 0.00029483099999083606, 0.0003112610000073346, 0.00030245400000694644, 0.00028821799998013375, 0.000328924000001507, 0.000287527000011778, 0.0002942899999993642, 0.00031072000001586275, 0.0002941090000092572, 0.00028736600000911494, 0.00029883799999197436, 0.00031634100000133003, 0.00030330600000638697, 0.0002934780000032333, 0.00032739200000264645, 0.0002865849999977854, 0.0002728999999987991, 0.00030150300000286734, 0.00031054000001518034, 0.0002847119999955794], "search_avg": 0.0003087125600018226, "search_p50": 0.00030451350001214905, "search_p95": 0.00036685715000572816, "search_p99": 0.0003971521899873664}, "sklearn": {"build_time": 0.0005352689999824634, "build_memory_mb": 0.0, "search_avg": 0.0012555378800004745, "search_p50": 0.0005745924999871477}, "faiss": {"build_time": 0.0010464740000202255, "build_memory_mb": 2.25, "search_avg": 7.362154000020382e-05, "search_p50": 7.140299999264244e-05}, "annoy": {"build_time": 0.058916549999992185, "build_memory_mb": 7.90625, "search_avg": 1.5900679999845125e-05, "search_p50": 1.5087999983620648e-05}}