{"timestamp": 1754874786.997221, "dataset": "small", "config": {"N": 10000, "D": 64, "k": 10}, "repeats": 50, "rust_annie": {"build_time": 0.002424856000004638, "build_memory_mb": 3.375, "search_times": [0.0004049420000455939, 0.00030688800001144045, 0.0002780340000185788, 0.00029004599997506375, 0.0003118669999935264, 0.00030741900002340117, 0.00028276199998344964, 0.00029183999998849686, 0.00033069199997726173, 0.00028905300001724754, 0.00030759899999566187, 0.00031903099994678996, 0.0002745770000274206, 0.0002832030000377017, 0.0003052140000363579, 0.000309963000006519, 0.0002837939999835726, 0.00032531199997265503, 0.0002988119999827177, 0.000281619999952909, 0.00029605700001411606, 0.00030872100001033687, 0.00028648900001826405, 0.00028008699996462383, 0.00029749000003675974, 0.0002978699999971468, 0.0002846449999651668, 0.0002855579999732072, 0.00029517600000872335, 0.00029154800000696923, 0.0003143510000427341, 0.000319181000008939, 0.0002950550000377916, 0.00028163999996877465, 0.00030070599996179226, 0.0002976910000143107, 0.0002887939999709488, 0.0002905559999817342, 0.0003287079999836351, 0.000298632000010457, 0.0003032399999938207, 0.0003041620000203693, 0.00028832300000658506, 0.00031452199999648656, 0.0003828010000006543, 0.0002983609999773762, 0.0002851369999916642, 0.00031700700003511884, 0.00028716099996017874, 0.0002920700000004217], "search_avg": 0.00030188813999870945, "search_p50": 0.0002975905000255352, "search_p95": 0.0003297991999801297, "search_p99": 0.00039409291002357345}, "sklearn": {"build_time": 0.0005459370000266972, "build_memory_mb": 0.0, "search_avg": 0.0010292183599938198, "search_p50": 0.0005644164999978329}, "faiss": {"build_time": 0.001053792999982761, "build_memory_mb": 2.30859375, "search_avg": 7.448660000136442e-05, "search_p50": 7.152499998142048e-05}, "annoy": {"build_time": 0.06045739500001446, "build_memory_mb": 5.875, "search_avg": 1.6498360001833133e-05, "search_p50": 1.5644499995914884e-05}}