{"timestamp": 1762736794.374386, "dataset": "medium", "config": {"N": 100000, "D": 128, "k": 20}, "repeats": 50, "rust_annie": {"build_time": 0.050419217000012395, "build_memory_mb": 56.68359375, "search_times": [0.0065806899999643065, 0.0057530830000018796, 0.004663793000020178, 0.004722739999976966, 0.004716259000019818, 0.004757180000012795, 0.004635000000007494, 0.004742682999960834, 0.004679970999973193, 0.005061484000009386, 0.004744278000032409, 0.0045970639999950436, 0.004623479000031239, 0.00479409500002248, 0.004728451999994832, 0.004734167000037814, 0.004750983999997516, 0.00477846699999418, 0.00466051600000128, 0.0047731749999684325, 0.004740770000012162, 0.005609113000048183, 0.0047899140000140505, 0.004799749999961023, 0.00482249000003776, 0.004825964000019667, 0.0051048679999894375, 0.004813742000010279, 0.0049606829999788715, 0.004890501000033964, 0.004915411000013137, 0.005016656000009334, 0.004696120999994946, 0.0048563909999757016, 0.004726407000021027, 0.004869738000024881, 0.0048997430000099484, 0.004973827000014808, 0.004832784000029733, 0.004812624999999571, 0.004789981000044463, 0.005479568999987805, 0.0051292679999619395, 0.004831514999978026, 0.0047903349999955935, 0.004893321999986711, 0.004782155999976112, 0.004862496000043848, 0.00503369500000872, 0.004857647999983783], "search_avg": 0.004898100860003751, "search_p50": 0.004806187499980297, "search_p95": 0.005550818200021013, "search_p99": 0.006175162569982715}, "sklearn": {"build_time": 0.005034190000003491, "build_memory_mb": 0.0, "search_avg": 0.00960015853999721, "search_p50": 0.008936968000000434}, "faiss": {"build_time": 0.015525158000002648, "build_memory_mb": 49.40625, "search_avg": 0.003509563899997374, "search_p50": 0.0035002630000064983}, "annoy": {"build_time": 0.993395372000009, "build_memory_mb": 66.6953125, "search_avg": 4.782740000109698e-05, "search_p50": 4.512600003181433e-05}}