{"timestamp": 1762218235.667824, "dataset": "medium", "config": {"N": 100000, "D": 128, "k": 20}, "repeats": 50, "rust_annie": {"build_time": 0.051614598000014666, "build_memory_mb": 56.625, "search_times": [0.004858653000013646, 0.004552665000005618, 0.003823424999978897, 0.0037804859999823748, 0.00378596499999162, 0.0038363799999956427, 0.00385298199998374, 0.0038059629999906974, 0.00385854000001018, 0.0037895319999847743, 0.00378333099999395, 0.003850055000015118, 0.003796004000008679, 0.0037868070000115495, 0.003788439999993898, 0.003935964999982389, 0.004091933999973207, 0.0040548270000044795, 0.004069072999982382, 0.004099489999987327, 0.0040344589999961045, 0.004019089999985681, 0.004106812999992826, 0.00403362700001253, 0.0037882500000137043, 0.0037930789999904846, 0.003847511999993003, 0.0037799639999889223, 0.0038021260000107304, 0.003773652999996102, 0.0038368699999864475, 0.0039212670000097205, 0.004113366000012775, 0.004099099000001161, 0.004064114000016161, 0.0038096000000109598, 0.003832723000016358, 0.0038194359999863536, 0.0038208710000162682, 0.0037825990000044385, 0.0038006130000098892, 0.0037874479999970845, 0.0038491329999885693, 0.003857698999979675, 0.0038269519999971635, 0.003818304999981592, 0.0038550440000051367, 0.0039059189999761657, 0.004089700999998058, 0.0040665589999946405], "search_avg": 0.003922728159997177, "search_p50": 0.0038421909999897252, "search_p95": 0.0041104171500037975, "search_p99": 0.0047087188800097116}, "sklearn": {"build_time": 0.0033639800000173636, "build_memory_mb": 0.0, "search_avg": 0.007730219919996557, "search_p50": 0.007029375000001892}, "faiss": {"build_time": 0.007585816000016621, "build_memory_mb": 49.359375, "search_avg": 0.0021903927999989037, "search_p50": 0.002174973499990074}, "annoy": {"build_time": 1.0721376509999914, "build_memory_mb": 70.3046875, "search_avg": 4.6180860000504257e-05, "search_p50": 4.49080000066715e-05}}