{"timestamp": 1766624852.774669, "dataset": "small", "config": {"N": 10000, "D": 64, "k": 10}, "repeats": 50, "rust_annie": {"build_time": 0.0024942249999924115, "build_memory_mb": 3.125, "search_times": [0.00047758100001260573, 0.00031047000001649394, 0.0002916439999864906, 0.00030488599998079735, 0.00028244700001778256, 0.0002896409999948446, 0.00030752399999300906, 0.00031796299998632094, 0.0002996589999781918, 0.0002960019999989072, 0.0003009609999935492, 0.0002847909999843523, 0.0002994490000105543, 0.00029446899998220033, 0.0003089870000110295, 0.00028740600001242456, 0.00030811499999572334, 0.0002786900000160131, 0.000299870000020519, 0.0003232930000081069, 0.00030885600000374325, 0.00030501899999535453, 0.00030854599998519916, 0.0002805339999838452, 0.00030455800001050193, 0.0002776780000033341, 0.0003146469999819601, 0.0002939990000072612, 0.0002793419999989055, 0.0002879769999992732, 0.000277186999994683, 0.00030570099997362377, 0.0002923849999945105, 0.00029412899999670117, 0.00029605199998172793, 0.00030920700001502155, 0.0002961520000042128, 0.00028828800000724186, 0.0002810639999779596, 0.0003067920000034974, 0.0002990880000197649, 0.0003027950000102919, 0.0003054210000072999, 0.00030598099999679107, 0.00029096299999764597, 0.00027999299999237337, 0.0002997699999980341, 0.00029514100000938015, 0.00030601099999216785, 0.0003190349999897535], "search_avg": 0.0003015231799986395, "search_p50": 0.00029955399999437304, "search_p95": 0.00031855259998820885, "search_p99": 0.000401979880010401}, "sklearn": {"build_time": 0.000549634999998716, "build_memory_mb": 0.0, "search_avg": 0.0013115926599999738, "search_p50": 0.0005839245000061055}, "faiss": {"build_time": 0.0011478719999900022, "build_memory_mb": 2.296875, "search_avg": 7.887477999759085e-05, "search_p50": 7.51899999897887e-05}, "annoy": {"build_time": 0.058646596999977874, "build_memory_mb": 6.125, "search_avg": 1.6129360000718408e-05, "search_p50": 1.5735000005179245e-05}}