{"timestamp": 1762909506.332992, "dataset": "small", "config": {"N": 10000, "D": 64, "k": 10}, "repeats": 50, "rust_annie": {"build_time": 0.002485336000006555, "build_memory_mb": 3.01953125, "search_times": [0.00047885500001143555, 0.00038123300001302596, 0.00032393500001148823, 0.0003375310000137688, 0.00031733299999814335, 0.0003029359999970893, 0.000325158000009651, 0.0003006130000073881, 0.0002960340000015549, 0.00032594900000049165, 0.00030724399999826346, 0.00029517100000475693, 0.0003254080000090198, 0.00030077300002062657, 0.00031887599999436134, 0.00030639299998824754, 0.00028751799999326977, 0.0002865450000228975, 0.0002995900000257734, 0.00033698999999387524, 0.0003148490000057791, 0.0003160509999986516, 0.0003066929999988588, 0.0003229040000007899, 0.00031663100000400846, 0.00031444799998325834, 0.0003089070000044103, 0.000291013999998313, 0.00030337699999449796, 0.0003030059999957757, 0.0002842620000080842, 0.00029299799999193965, 0.0003165519999868138, 0.00028705599999057085, 0.0003060620000212566, 0.0003140770000129578, 0.00032219299998814677, 0.0003057810000086647, 0.00032408600000621846, 0.00030242500000099426, 0.0002982869999925697, 0.0003106609999861121, 0.00032444400000031237, 0.00031325599999831866, 0.00029200599999512633, 0.0003007920000186459, 0.0002867460000004485, 0.00031068100000197774, 0.0003257179999991422, 0.0003247970000188616], "search_avg": 0.00031389690000253266, "search_p50": 0.0003097839999952612, "search_p95": 0.00033728755000481667, "search_p99": 0.00043102022001221467}, "sklearn": {"build_time": 0.0005619810000041525, "build_memory_mb": 0.0, "search_avg": 0.0013438085399968714, "search_p50": 0.0005800394999937453}, "faiss": {"build_time": 0.0010742679999964366, "build_memory_mb": 2.265625, "search_avg": 7.257930000093892e-05, "search_p50": 7.017099999018228e-05}, "annoy": {"build_time": 0.061043321999989075, "build_memory_mb": 6.125, "search_avg": 1.6061520000221208e-05, "search_p50": 1.4852999996151084e-05}}