{"timestamp": 1754701587.111584, "dataset": "small", "config": {"N": 10000, "D": 64, "k": 10}, "repeats": 50, "rust_annie": {"build_time": 0.00244213499999546, "build_memory_mb": 3.39453125, "search_times": [0.00046281599998110323, 0.00030449000001908644, 0.00030892899999912515, 0.0003275429999973767, 0.0003137369999990369, 0.0003087279999931525, 0.0003321519999985867, 0.0003071150000266698, 0.00031455900000310066, 0.0003033780000123443, 0.0003162220000092475, 0.00032080999997674553, 0.00029437099999540806, 0.0003271619999907216, 0.00030960000000845866, 0.00029851799999391915, 0.00031549999999924694, 0.000312355000005482, 0.00032534900000769085, 0.0003432319999774336, 0.0003167929999960961, 0.00030814600000894643, 0.00031505000001175176, 0.00031004999999595384, 0.00029348900000059075, 0.0003218219999894245, 0.0002915360000201872, 0.0003259700000057819, 0.0003116530000113471, 0.000306663000003482, 0.0003071250000061809, 0.00029179699998849173, 0.0003090779999865845, 0.00030762600002276486, 0.0002932689999965987, 0.0003179759999909493, 0.00032011899997996807, 0.00031294499999034997, 0.00032964700000093217, 0.0003068750000068121, 0.00031262499999229476, 0.00031220200000348086, 0.00032608100002562423, 0.0003172739999968144, 0.00031272600000420425, 0.00032418699998970624, 0.0003083070000116095, 0.00030024200000866585, 0.00032453800000098454, 0.00029113499999766645], "search_avg": 0.0003154702400007636, "search_p50": 0.0003124899999988884, "search_p95": 0.00033102474999964216, "search_p99": 0.00040421983997930485}, "sklearn": {"build_time": 0.0013262420000046404, "build_memory_mb": 0.0, "search_avg": 0.0013242332800012947, "search_p50": 0.0007447340000084068}, "faiss": {"build_time": 0.001296216000014283, "build_memory_mb": 2.37890625, "search_avg": 8.757157999866649e-05, "search_p50": 7.839200000603341e-05}, "annoy": {"build_time": 0.06075817499998948, "build_memory_mb": 7.28125, "search_avg": 1.7609080002216617e-05, "search_p50": 1.714750000303411e-05}}