{"timestamp": 1764896744.202595, "dataset": "medium", "config": {"N": 100000, "D": 128, "k": 20}, "repeats": 50, "rust_annie": {"build_time": 0.05233486200017978, "build_memory_mb": 56.62109375, "search_times": [0.004737608000141336, 0.004461085999992065, 0.003833708000001934, 0.003893581999818707, 0.0037785649999477755, 0.0038233790000958834, 0.0038024790001145448, 0.0038046030001623876, 0.003808701000025394, 0.0038858279999658407, 0.0037699659999361756, 0.003782050999916464, 0.003758075000177996, 0.0038045530000090366, 0.0038438509998286463, 0.003775537999899825, 0.003824989999884565, 0.003790638000054969, 0.003773585000089952, 0.0038245149999056594, 0.0038210249999792723, 0.0038156849998358666, 0.003799624000066615, 0.0037653090000731027, 0.0038215749998471438, 0.003800355999828753, 0.0038520499999776803, 0.004106764999960433, 0.003856942999846069, 0.003871891000017058, 0.0038565519998883246, 0.0038120570000046428, 0.003802830000040558, 0.0038288700000066456, 0.004131803000063883, 0.004001072999926691, 0.004098698999996486, 0.0040664589998868905, 0.004061549999960334, 0.004005973999937851, 0.0038046229999508796, 0.003839620000007926, 0.003773695000063526, 0.0043325920000825136, 0.0040953430000172375, 0.004035761000068305, 0.004072951000125613, 0.003990514999941297, 0.004057530999943992, 0.004025210999998308], "search_avg": 0.003919644659986261, "search_p50": 0.00383128900000429, "search_p95": 0.0042422369500741295, "search_p99": 0.004602112220068192}, "sklearn": {"build_time": 0.003304127999854245, "build_memory_mb": 0.0, "search_avg": 0.007319721420003589, "search_p50": 0.00672069699999156}, "faiss": {"build_time": 0.008030363999978363, "build_memory_mb": 49.23046875, "search_avg": 0.0022328194600140707, "search_p50": 0.0022256579999293535}, "annoy": {"build_time": 1.0632464969999091, "build_memory_mb": 70.39453125, "search_avg": 4.671278001751489e-05, "search_p50": 4.504550008732622e-05}}