{"timestamp": 1765868970.025942, "dataset": "small", "config": {"N": 10000, "D": 64, "k": 10}, "repeats": 50, "rust_annie": {"build_time": 0.002564509000023918, "build_memory_mb": 3.125, "search_times": [0.0004400779999969018, 0.0002949439999611059, 0.0003228659999763295, 0.00027945499999759704, 0.000294001999975535, 0.00029936199996427604, 0.00029225899999119065, 0.0002885430000105771, 0.0003104930000290551, 0.00030991300002369826, 0.00031445100000837556, 0.00029120700003204547, 0.00032676399996489636, 0.0003167959999927916, 0.00028958400002920826, 0.0003137900000069749, 0.00030463199999530843, 0.0002960059999850273, 0.00030326000000968634, 0.0003015160000359174, 0.00029497499997432897, 0.0003074269999956414, 0.0003000039999960791, 0.00028494500003262146, 0.0002957260000471251, 0.0003110239999841724, 0.00028079799994884524, 0.0002757380000275589, 0.00030341000001499197, 0.00030769799997187874, 0.00030079500004376314, 0.00027875400002130846, 0.00032063200001175574, 0.00031652500001655426, 0.0002867590000050768, 0.00030245900001091286, 0.0002878300000475065, 0.00028737999997474617, 0.0003251599999885002, 0.00029756999998653555, 0.00028416300000344563, 0.00027183100002048377, 0.00030062299998689923, 0.0002874199999496341, 0.00030939199996282696, 0.00029320100003360494, 0.0002984609999998611, 0.00031054299995503243, 0.00030727699999033575, 0.00028690999999980704], "search_avg": 0.0003021070199997666, "search_p50": 0.00029968299998017756, "search_p95": 0.0003241276999830234, "search_p99": 0.0003845541399812189}, "sklearn": {"build_time": 0.00063667599999917, "build_memory_mb": 0.0, "search_avg": 0.001320826880006507, "search_p50": 0.0005825195000284111}, "faiss": {"build_time": 0.0010933849999901213, "build_memory_mb": 2.28515625, "search_avg": 7.953837999821189e-05, "search_p50": 7.665400002565548e-05}, "annoy": {"build_time": 0.061149665000016284, "build_memory_mb": 5.90234375, "search_avg": 1.649084000177936e-05, "search_p50": 1.6370999986747847e-05}}