{"timestamp": 1767230148.391932, "dataset": "small", "config": {"N": 10000, "D": 64, "k": 10}, "repeats": 50, "rust_annie": {"build_time": 0.002459735999991608, "build_memory_mb": 3.125, "search_times": [0.00047182000002976565, 0.00036597700000129407, 0.0002774660000568474, 0.00028551099990181683, 0.0002971220000063113, 0.0002844289999757166, 0.00028357700000469777, 0.00029919600001449, 0.0002916519999871525, 0.00027502199998252763, 0.00029328499999792257, 0.0003136990000029982, 0.0003014299999222203, 0.00030522600002313993, 0.0003058979999650546, 0.0003104559999655976, 0.0002796100000068691, 0.00031920199990054243, 0.00028927699997893797, 0.00029363599992393574, 0.00032104500007790193, 0.00028356699999676493, 0.00031346200000825775, 0.00030582800002321164, 0.0002753920000486687, 0.0002732080000669157, 0.0002693509999289745, 0.0002996669999220103, 0.0002729679999902146, 0.000281062999988535, 0.0003106359999947017, 0.0002722570000059932, 0.000307510999959959, 0.00029299499999524414, 0.00028758400003425777, 0.0002970220000406698, 0.0002997670000013386, 0.00031275100002403633, 0.0002887070000952008, 0.00028526099993086973, 0.00028251499998077634, 0.000301670999988346, 0.00028383800008668914, 0.00028852600007667206, 0.0003092840000817887, 0.00030095799991158856, 0.00029574999996384577, 0.0003003580000040529, 0.0003039949999674718, 0.00028890700002648373], "search_avg": 0.0002989866999973856, "search_p50": 0.00029469299994389075, "search_p95": 0.0003202156499980902, "search_p99": 0.0004199569300158144}, "sklearn": {"build_time": 0.0005967989999362544, "build_memory_mb": 0.0, "search_avg": 0.0016301770600034614, "search_p50": 0.0009327364999762722}, "faiss": {"build_time": 0.0011224380000385281, "build_memory_mb": 2.30859375, "search_avg": 7.430925998960447e-05, "search_p50": 7.266249997428531e-05}, "annoy": {"build_time": 0.05920701700006248, "build_memory_mb": 6.03125, "search_avg": 1.5970040003594476e-05, "search_p50": 1.530800000182353e-05}}