{"timestamp": 1767661745.303821, "dataset": "small", "config": {"N": 10000, "D": 64, "k": 10}, "repeats": 50, "rust_annie": {"build_time": 0.0026111180000043532, "build_memory_mb": 3.125, "search_times": [0.0004118740000080834, 0.000390773999981775, 0.000301108000030581, 0.0002847569999744337, 0.0002941139999848019, 0.0002855490000115424, 0.00029246200000443423, 0.00028118100004803637, 0.00030805099999042795, 0.00027263499998753105, 0.0002825039999834189, 0.0002945560000284786, 0.00027682299997877635, 0.0003078629999890836, 0.00029587900002070455, 0.00031290999999100677, 0.00028195299995559253, 0.00029742100002749794, 0.00029830300002231525, 0.0002766719999840461, 0.00029763200001298173, 0.00031813000003921843, 0.00027823599998555437, 0.00029091900000821624, 0.00030020600001989806, 0.00030098700000280587, 0.0002906279999592698, 0.0003021299999659277, 0.00030484500001648485, 0.00029057899996587366, 0.00029212200001893507, 0.00031389100001888437, 0.00030390299997407055, 0.00030182899996589185, 0.0003377159999899959, 0.00030407299999524184, 0.00029334300000982694, 0.0002869319999945219, 0.0003128199999764547, 0.0002789969999525965, 0.00028955699997368356, 0.00029264199997669493, 0.00029265199998462776, 0.0002829840000231343, 0.0002916000000254826, 0.0003341389999604871, 0.0003067389999955594, 0.0002766019999853597, 0.00031519399999524467, 0.00030431400000452413], "search_avg": 0.0003006745999960003, "search_p50": 0.00029521750002459157, "search_p95": 0.00033610634997671696, "search_p99": 0.0004015349999951922}, "sklearn": {"build_time": 0.0005818890000455212, "build_memory_mb": 0.0, "search_avg": 0.0015041603599956943, "search_p50": 0.0005628929999943466}, "faiss": {"build_time": 0.0011048370000139585, "build_memory_mb": 2.25390625, "search_avg": 7.918797999764137e-05, "search_p50": 7.32160000040949e-05}, "annoy": {"build_time": 0.05914614599998913, "build_memory_mb": 7.87890625, "search_avg": 1.70426000011048e-05, "search_p50": 1.6205000008540082e-05}}