{"timestamp": 1760783018.023111, "dataset": "small", "config": {"N": 10000, "D": 64, "k": 10}, "repeats": 50, "rust_annie": {"build_time": 0.0025331809999897814, "build_memory_mb": 3.05078125, "search_times": [0.00046277999999233543, 0.00039445100000534694, 0.0003332530000079714, 0.0003091609999898992, 0.00033903199999940625, 0.00034005899999556277, 0.00029152799999110357, 0.00039350000000126784, 0.00026911599999834834, 0.00028638800000635456, 0.0002731830000186619, 0.00030238799999438015, 0.0002842549999968469, 0.0002906160000009095, 0.0002830919999894377, 0.0003374650000012025, 0.0002687049999963165, 0.00028863200000728284, 0.00030252799999175295, 0.00029457299999080533, 0.0003179569999929299, 0.0002895940000087194, 0.0002855860000181565, 0.00030807899997853383, 0.0003371139999899242, 0.00029183899999907226, 0.0002893939999921713, 0.000306344999984276, 0.0003894019999961529, 0.0002908370000227478, 0.0002808780000123079, 0.0003115859999809345, 0.00030783899998709785, 0.00030541399999606256, 0.0003333569999881547, 0.00029331199999660384, 0.00029131699997719807, 0.0003139799999871684, 0.00030263899998317356, 0.0003162539999834735, 0.00030094499999222535, 0.0002950939999948332, 0.0002962570000022424, 0.0003111639999815452, 0.00031308800001284, 0.0002843940000047951, 0.000282670999979473, 0.0002895249999994576, 0.00027769199999738703, 0.0003085299999838753], "search_avg": 0.0003093357599959745, "search_p50": 0.00030166649999330275, "search_p95": 0.0003916558999989661, "search_p99": 0.0004292987899987109}, "sklearn": {"build_time": 0.0005906109999784803, "build_memory_mb": 0.125, "search_avg": 0.0013211939799992933, "search_p50": 0.000562917999985757}, "faiss": {"build_time": 0.0010707520000039494, "build_memory_mb": 2.30078125, "search_avg": 7.783985999822107e-05, "search_p50": 7.204549999073606e-05}, "annoy": {"build_time": 0.05887584100000254, "build_memory_mb": 6.01953125, "search_avg": 1.5602560000047562e-05, "search_p50": 1.555400000086138e-05}}