{"timestamp": 1761872624.388847, "dataset": "small", "config": {"N": 10000, "D": 64, "k": 10}, "repeats": 50, "rust_annie": {"build_time": 0.0025346789999787234, "build_memory_mb": 3.0, "search_times": [0.00048800400000459376, 0.000398657000005187, 0.0003998090000152388, 0.00037925899999891044, 0.0003904719999923145, 0.00031825599998569487, 0.00031083199999670796, 0.0003334849999987455, 0.0003142880000268633, 0.00030017200000997946, 0.0002742659999910302, 0.0003182659999936277, 0.000400089999999409, 0.0002965350000181388, 0.0003260409999938929, 0.0003147790000070927, 0.0003157610000243949, 0.00032109199997876203, 0.0003206309999939094, 0.00031206400001337897, 0.0003141079999977592, 0.000318797999995013, 0.00030323799998654977, 0.0003196979999984251, 0.00031215500001735563, 0.0003132070000049225, 0.00033891400002517, 0.0003316019999886066, 0.000306755000025305, 0.0003315609999958724, 0.0003071959999942919, 0.000287778999989996, 0.0003097199999899658, 0.0003079969999930654, 0.00030375899999057765, 0.0002935090000164564, 0.00032046000001173525, 0.0003277939999861701, 0.00030386000000248714, 0.0003228649999869049, 0.000330258999980515, 0.0003235060000008616, 0.0003270530000065719, 0.00029896999998868523, 0.00030875799998852926, 0.0003452069999809737, 0.00029676599999106656, 0.0003122150000081092, 0.00029581399999756286, 0.00032049099999653663], "search_avg": 0.00032533545999967827, "search_p50": 0.0003170085000050449, "search_p95": 0.0003992906000107155, "search_p99": 0.00044492614000205303}, "sklearn": {"build_time": 0.0006709159999900294, "build_memory_mb": 0.0, "search_avg": 0.0015866316800008918, "search_p50": 0.000596417000011229}, "faiss": {"build_time": 0.001139123999990943, "build_memory_mb": 2.375, "search_avg": 8.607963999963886e-05, "search_p50": 8.674750000636777e-05}, "annoy": {"build_time": 0.05921398000000977, "build_memory_mb": 6.0, "search_avg": 1.7205660000740863e-05, "search_p50": 1.636099999302587e-05}}