{"timestamp": 1755565421.266109, "dataset": "medium", "config": {"N": 100000, "D": 128, "k": 20}, "repeats": 50, "rust_annie": {"build_time": 0.03162544599999251, "build_memory_mb": 55.125, "search_times": [0.005062518000002569, 0.004564939999994522, 0.0038347190000109777, 0.0038242390000107207, 0.0038190799999995306, 0.0038079890000091154, 0.0045556829999924275, 0.0038681540000027326, 0.003858563999997955, 0.003813970999999583, 0.003906753999999069, 0.0041761360000123204, 0.0041379040000038, 0.004102127999999539, 0.004073805000004427, 0.004039821999995752, 0.00408698900000104, 0.004047044999992977, 0.0040441900000018904, 0.00399735300000259, 0.0040563719999937575, 0.003980491000007191, 0.003986522000005266, 0.00405005000000358, 0.0038778990000025715, 0.003816626000002543, 0.0038680720000030533, 0.0038325049999912153, 0.0038461000000040713, 0.0038263900000004014, 0.003930280000005837, 0.003860775000006811, 0.0038318870000040306, 0.0037973280000045406, 0.0038094319999970594, 0.0039583399999969515, 0.004237019000001396, 0.004106035000006614, 0.0040719010000032085, 0.004076640000008069, 0.0038678300000043464, 0.0038386660000071515, 0.003841792000002897, 0.003910379999993552, 0.003921429999991233, 0.0038384459999889486, 0.0038649350000099503, 0.003859155000000669, 0.003843244999998774, 0.003847152000005849], "search_avg": 0.003981513560001701, "search_p50": 0.00389232650000082, "search_p95": 0.004412284199996463, "search_p99": 0.004818704779998625}, "sklearn": {"build_time": 0.0034582370000038054, "build_memory_mb": 0.0, "search_avg": 0.009059977060001358, "search_p50": 0.008551467000003754}, "faiss": {"build_time": 0.007880751999991276, "build_memory_mb": 49.45703125, "search_avg": 0.0022876630600001135, "search_p50": 0.002281072999998912}, "annoy": {"build_time": 1.0708816779999921, "build_memory_mb": 69.87109375, "search_avg": 4.605297999916047e-05, "search_p50": 4.62265000038542e-05}}