{"timestamp": 1765242326.861664, "dataset": "small", "config": {"N": 10000, "D": 64, "k": 10}, "repeats": 50, "rust_annie": {"build_time": 0.002493350999998256, "build_memory_mb": 3.125, "search_times": [0.0004231700000048022, 0.00039469600000074934, 0.0003166810000152509, 0.0003045779999979459, 0.0003440720000185138, 0.0002915739999878042, 0.00029377699999599827, 0.0002916439999864906, 0.00032982499999434367, 0.00030675200000018776, 0.0003165509999973892, 0.00031736200000409553, 0.00030088099998692996, 0.00031635099998084115, 0.0003174530000080722, 0.0002905510000061895, 0.0002825269999959801, 0.00032115999999859923, 0.000281615000005786, 0.000320346999984622, 0.000337670000021717, 0.000307012999996914, 0.00031632099998546437, 0.00029376799997749004, 0.0004295639999725154, 0.0003464759999758371, 0.00030607100001134313, 0.000283158000002004, 0.0002818659999945794, 0.0002928060000044752, 0.00033400300000607785, 0.0003029350000076647, 0.00032401100000356564, 0.0003321890000052008, 0.0003242150000062338, 0.00029580200001078083, 0.0003056300000139345, 0.00029889700002172503, 0.00029379800000128853, 0.0003342630000133795, 0.00029914800001051844, 0.000296914000017523, 0.0002928760000031616, 0.0003103790000125173, 0.00030625099998360383, 0.000299097999999276, 0.00032271300000275005, 0.0002998389999788742, 0.00031047999999600506, 0.0003083459999970728], "search_avg": 0.0003149613400000817, "search_p50": 0.0003068824999985509, "search_p95": 0.0003729969999895387, "search_p99": 0.0004264309399883359}, "sklearn": {"build_time": 0.0005814339999972162, "build_memory_mb": 0.0, "search_avg": 0.0012915115999976479, "search_p50": 0.0005788494999876548}, "faiss": {"build_time": 0.0011038990000145077, "build_memory_mb": 2.25, "search_avg": 7.901713999899584e-05, "search_p50": 7.59614999878977e-05}, "annoy": {"build_time": 0.058014047000000346, "build_memory_mb": 7.96875, "search_avg": 1.6024719997176362e-05, "search_p50": 1.5359000002490575e-05}}