{"timestamp": 1764119056.068901, "dataset": "small", "config": {"N": 10000, "D": 64, "k": 10}, "repeats": 50, "rust_annie": {"build_time": 0.0025692270000092776, "build_memory_mb": 3.14453125, "search_times": [0.0004826809999940451, 0.00043345000000272194, 0.000338201000005256, 0.00035657600000149614, 0.0003523379999990084, 0.0003367989999958354, 0.00030544999998483036, 0.000316360999988774, 0.00029437000000598346, 0.00028279800000063915, 0.0003144369999859009, 0.00032264299997564194, 0.00030379699998661636, 0.000328813999999511, 0.0003097480000064934, 0.0003216799999847808, 0.00031476799998131355, 0.00032038899999520254, 0.0002922360000070512, 0.0003056700000172441, 0.0002948100000139675, 0.0003066529999955492, 0.00029071299999827716, 0.0003065919999869493, 0.0003124330000048303, 0.00030522999998083833, 0.00032764200000201527, 0.0003086260000202401, 0.00028483200000550823, 0.0002993490000164911, 0.0003078549999884217, 0.00031159100001332263, 0.00030210500000293905, 0.00030548999998813997, 0.0003093570000203272, 0.000312984000004235, 0.00032991599999832033, 0.0003034570000011172, 0.00031813399999691683, 0.00034131700002149046, 0.00030770399999369147, 0.00032127000000059525, 0.0003136960000063027, 0.00029281700000183264, 0.00031282400001941824, 0.0003200179999964803, 0.0003052600000046368, 0.00028887899998153443, 0.000300821999985601, 0.0003149879999853056], "search_avg": 0.0003178113999990728, "search_p50": 0.000310669500009908, "search_p95": 0.0003546689000003766, "search_p99": 0.0004585578099982967}, "sklearn": {"build_time": 0.0006768439999973452, "build_memory_mb": 0.0, "search_avg": 0.0012912789200026963, "search_p50": 0.0005916894999984379}, "faiss": {"build_time": 0.0011083089999885942, "build_memory_mb": 2.25390625, "search_avg": 7.70934400020451e-05, "search_p50": 7.107250000615295e-05}, "annoy": {"build_time": 0.06016251200000511, "build_memory_mb": 6.125, "search_avg": 1.5936360000523564e-05, "search_p50": 1.547349999952985e-05}}