{"timestamp": 1755894119.133831, "dataset": "medium", "config": {"N": 100000, "D": 128, "k": 20}, "repeats": 50, "rust_annie": {"build_time": 0.0325489929999776, "build_memory_mb": 54.875, "search_times": [0.005138703999989502, 0.004549104999995279, 0.0040273930000012115, 0.004008517999977812, 0.00386540100001298, 0.0038419680000174594, 0.00386703400002375, 0.003860352000003786, 0.0038393519999999626, 0.0038930520000235447, 0.003939208999980792, 0.0041839840000079676, 0.004100849999986167, 0.004074520000017401, 0.0040098709999938364, 0.0040349169999842616, 0.0040338949999920715, 0.004022775000009915, 0.0040974739999910526, 0.00408792499999322, 0.0042616850000172235, 0.004275866000000406, 0.004354893999988008, 0.004037390999997115, 0.003907139000006055, 0.003886700999998993, 0.0038881230000242795, 0.0038330209999912768, 0.003910143000013022, 0.0038890849999972943, 0.003971589000002496, 0.0040389440000012655, 0.003953785999982529, 0.004196468000003506, 0.003933748999997988, 0.003920051999983798, 0.0038374189999785813, 0.003929821000014044, 0.0038999559999979283, 0.0039467100000081246, 0.00392880999999079, 0.003959345999987818, 0.003946291999994855, 0.0038724739999906888, 0.003862435999991476, 0.00382806100000721, 0.003901372000001402, 0.003951250999989497, 0.0041356650000068385, 0.004135974999996961], "search_avg": 0.004017410459999269, "search_p50": 0.003948980499998811, "search_p95": 0.004319331399993587, "search_p99": 0.004849800489992332}, "sklearn": {"build_time": 0.003731660999989117, "build_memory_mb": 0.0, "search_avg": 0.00862181526000029, "search_p50": 0.008077753499989626}, "faiss": {"build_time": 0.009256104000002097, "build_memory_mb": 49.35546875, "search_avg": 0.002475631280002517, "search_p50": 0.002463994999999386}, "annoy": {"build_time": 1.0966432049999923, "build_memory_mb": 66.390625, "search_avg": 4.9892979997707695e-05, "search_p50": 4.846000000213735e-05}}