{"timestamp": 1763168548.763682, "dataset": "medium", "config": {"N": 100000, "D": 128, "k": 20}, "repeats": 50, "rust_annie": {"build_time": 0.0541216400000053, "build_memory_mb": 57.91796875, "search_times": [0.004762289000012743, 0.0044423930000050404, 0.0037619080000013128, 0.0037504869999906987, 0.0037022569999862753, 0.0037628089999941494, 0.0037836789999801113, 0.0037759439999831557, 0.003777216999992561, 0.003755917000006548, 0.003809273999991092, 0.0037978649999956815, 0.0037526899999988927, 0.003731902999987824, 0.003792435000008254, 0.0037557560000038848, 0.0037601749999964795, 0.003764902999989772, 0.0038539009999851714, 0.0037784089999775006, 0.0037889159999906497, 0.003937616999991178, 0.004524275999983729, 0.004004378999979963, 0.00404380200001242, 0.003982989000007819, 0.004005681999984745, 0.004004879999996547, 0.003923779000018612, 0.003878434999990077, 0.003775493000006236, 0.0038284219999979996, 0.003865910999991229, 0.0038098469999852114, 0.003794026999997868, 0.0038195950000101675, 0.003804827999999816, 0.0038744969999982004, 0.0038830029999985527, 0.0037458980000053543, 0.003732423000002427, 0.0037445750000131284, 0.003792073999989043, 0.003856823999996095, 0.003762489000024516, 0.003789138999991337, 0.003793795000007094, 0.0038663619999965704, 0.00382980699998825, 0.0037786489999973583], "search_avg": 0.003866292479996787, "search_p50": 0.003793911000002481, "search_p95": 0.00426302705000836, "search_p99": 0.004645662629998526}, "sklearn": {"build_time": 0.00342469100002063, "build_memory_mb": 0.0, "search_avg": 0.007853706000000784, "search_p50": 0.007126584000005209}, "faiss": {"build_time": 0.008314829999989115, "build_memory_mb": 49.3671875, "search_avg": 0.002336909680001327, "search_p50": 0.0022926955000173166}, "annoy": {"build_time": 1.0703651230000162, "build_memory_mb": 69.28515625, "search_avg": 4.661392000116393e-05, "search_p50": 4.583949998959724e-05}}