{"timestamp": 1761699883.682146, "dataset": "small", "config": {"N": 10000, "D": 64, "k": 10}, "repeats": 50, "rust_annie": {"build_time": 0.002514600000012024, "build_memory_mb": 3.0, "search_times": [0.00048444899999822155, 0.0003465099999857557, 0.00035088899997504086, 0.0003175279999823033, 0.00032159299999534596, 0.00030801799999835566, 0.00028326100002118437, 0.0002810870000189425, 0.00029553400000281727, 0.00032292599999550475, 0.00030555300000401076, 0.0002842540000074223, 0.000311692999986235, 0.0002745859999890854, 0.00029267900001173075, 0.00038723899999126843, 0.0003021969999963403, 0.0002923190000103659, 0.0003053229999920859, 0.00032250600000338636, 0.0003178470000193556, 0.00031926900001622016, 0.0003366220000202702, 0.0002957250000008571, 0.0003076770000234319, 0.0003093999999919106, 0.0003161430000204746, 0.00030755700001350306, 0.0003074980000121741, 0.00030554400001392423, 0.0002983900000117501, 0.0003162630000019817, 0.00031026199999928394, 0.00029064599999628626, 0.0002857059999996636, 0.00032384699997578537, 0.00030604500000208645, 0.0003066860000160432, 0.0003046820000065509, 0.0002956949999770586, 0.0003129570000055537, 0.00032753499999671476, 0.00031335900001749906, 0.0002845039999783694, 0.00031311800000821677, 0.00041291499999829284, 0.0003148110000097404, 0.00032194499999604886, 0.00031964999999445354, 0.00029183699999180135], "search_avg": 0.0003152855800016141, "search_p50": 0.0003087089999951331, "search_p95": 0.0003708814999839659, "search_p99": 0.00044939733999825636}, "sklearn": {"build_time": 0.0005984629999886693, "build_memory_mb": 0.0, "search_avg": 0.0016801147799998261, "search_p50": 0.0005716530000086095}, "faiss": {"build_time": 0.0011592360000065582, "build_memory_mb": 2.37890625, "search_avg": 7.471638000367875e-05, "search_p50": 7.022249999977248e-05}, "annoy": {"build_time": 0.05982364799999118, "build_memory_mb": 5.91796875, "search_avg": 1.6209599997409897e-05, "search_p50": 1.5218499981983769e-05}}