{"timestamp": 1765674797.993923, "dataset": "small", "config": {"N": 10000, "D": 64, "k": 10}, "repeats": 50, "rust_annie": {"build_time": 0.0025185519999979533, "build_memory_mb": 3.125, "search_times": [0.0004691249999950742, 0.00028987000001734486, 0.0003031149999799254, 0.00029433800000333576, 0.00029029099999888786, 0.0002832469999987097, 0.0002733490000252914, 0.00028912600001262945, 0.0002726780000159579, 0.0002678290000233119, 0.0002910420000148406, 0.00028184600000713544, 0.00027527299999974275, 0.0002630589999910171, 0.00028331800001524243, 0.000288517999990745, 0.0002906120000147894, 0.00032622800000581265, 0.0002855209999950148, 0.0003044769999860364, 0.00029704400000696296, 0.0003109589999894524, 0.00028206499999328116, 0.00027577399998790497, 0.00030361600002493105, 0.0003028339999957552, 0.0002763850000064849, 0.0003127030000200648, 0.00029265499998132327, 0.00029659299997319977, 0.0002769060000105128, 0.00029275599999323276, 0.0002922749999925145, 0.0002766250000263426, 0.00031053800000790943, 0.0002751219999765908, 0.00029711300001622476, 0.00027315899998825444, 0.00029689300001223273, 0.00029056200000354693, 0.0002801020000049448, 0.00029700300001422875, 0.0003021530000069106, 0.0003088449999779641, 0.00030906599999980244, 0.00029345699999794306, 0.0002928049999866289, 0.00029852599999458107, 0.0003012509999962276, 0.00029589099997906487], "search_avg": 0.0002946907600011173, "search_p50": 0.0002924649999869189, "search_p95": 0.0003119182000062892, "search_p99": 0.0003991054700003357}, "sklearn": {"build_time": 0.0005785170000081052, "build_memory_mb": 0.0, "search_avg": 0.0014028746599990427, "search_p50": 0.0005836224999882234}, "faiss": {"build_time": 0.001032433999995419, "build_memory_mb": 2.296875, "search_avg": 7.49775200000613e-05, "search_p50": 7.117199999129298e-05}, "annoy": {"build_time": 0.06080908300000942, "build_memory_mb": 6.0078125, "search_avg": 1.6277920001925848e-05, "search_p50": 1.598000000058164e-05}}