{"timestamp": 1765415281.593901, "dataset": "medium", "config": {"N": 100000, "D": 128, "k": 20}, "repeats": 50, "rust_annie": {"build_time": 0.05308466200000339, "build_memory_mb": 56.50390625, "search_times": [0.0048413330000016686, 0.004512398999992229, 0.0037931690000050367, 0.003818927000025951, 0.0037854529999776787, 0.0038316499999950793, 0.0037623430000053304, 0.0038670769999953336, 0.0037672699999973247, 0.0038192979999962517, 0.0038452029999973547, 0.003852258999984315, 0.003849174000009725, 0.003827542999999878, 0.003824457000007442, 0.003795432999993409, 0.0038166629999807355, 0.0038952599999788617, 0.003777659000007816, 0.003957790000015393, 0.0037690839999982018, 0.0038484719999871686, 0.003816322000005812, 0.0038050409999925705, 0.003839029000005212, 0.00392039799999111, 0.003865213000011636, 0.0037841520000085893, 0.004044160000006514, 0.00415814300001216, 0.004065670000017008, 0.0038359990000174093, 0.003821901999998545, 0.00380953900000236, 0.0038000920000058613, 0.0038222930000131328, 0.0038235359999987395, 0.003908564999989039, 0.0037928270000122666, 0.0038469190000114395, 0.0038391949999834196, 0.003840177000000722, 0.004014224000002287, 0.003978165000006584, 0.003940885000019989, 0.004113799999998946, 0.004030985000014198, 0.003956945999988193, 0.003950183000000607, 0.0040668320000065705], "search_avg": 0.003906982160001462, "search_p50": 0.0038396859999920707, "search_p95": 0.004138188650006214, "search_p99": 0.004680155339997043}, "sklearn": {"build_time": 0.003584266000018488, "build_memory_mb": 0.0, "search_avg": 0.00814244148000114, "search_p50": 0.007177750500005686}, "faiss": {"build_time": 0.008276902999995173, "build_memory_mb": 49.23828125, "search_avg": 0.0023016689399992176, "search_p50": 0.0022870774999859123}, "annoy": {"build_time": 1.0453483329999926, "build_memory_mb": 69.4921875, "search_avg": 4.571348000240505e-05, "search_p50": 4.512950000901128e-05}}