{"timestamp": 1755479431.65306, "dataset": "small", "config": {"N": 10000, "D": 64, "k": 10}, "repeats": 50, "rust_annie": {"build_time": 0.002897416999999791, "build_memory_mb": 3.25, "search_times": [0.0004638799999980847, 0.0002981490000024678, 0.0003300879999983408, 0.0003298990000075719, 0.0003068649999988793, 0.00030985100001146293, 0.0002880299999930003, 0.0003297579999923528, 0.0003130070000025853, 0.0003264019999988932, 0.00032253399999149224, 0.0004428010000054883, 0.00029467299999907937, 0.0003485229999995454, 0.0003429030000035027, 0.00041896499999438674, 0.0003342190000097389, 0.00031790299999556737, 0.0003138480000046684, 0.000311042000006978, 0.00031321800000227995, 0.0003103109999926801, 0.0003180559999975685, 0.0003292569999899797, 0.00029399399998908393, 0.00032912700000053974, 0.0003135569999983545, 0.00033290099999305767, 0.00030422000000385196, 0.0003218940000095927, 0.000327894000008655, 0.0003274529999970355, 0.0003270419999950036, 0.00032618199999490116, 0.0003256109999938417, 0.0002973170000046821, 0.0003145800000083909, 0.00028962199999682525, 0.0002849539999942863, 0.00034369399999434336, 0.00032941700000321816, 0.0002877100000091559, 0.00031046200000162116, 0.00030463100000588383, 0.00032118200000752495, 0.00032087099999955626, 0.00032990800001186926, 0.00029895999999496325, 0.00029193800000371084, 0.0002985300000091229], "search_avg": 0.00032335666000051335, "search_p50": 0.0003194634999985624, "search_p95": 0.00038726609999670795, "search_p99": 0.00045355129000171243}, "sklearn": {"build_time": 0.0006592149999988806, "build_memory_mb": 0.0, "search_avg": 0.001119332060004581, "search_p50": 0.0005827820000092743}, "faiss": {"build_time": 0.0010721189999856051, "build_memory_mb": 2.3984375, "search_avg": 7.974251999996795e-05, "search_p50": 7.36730000028274e-05}, "annoy": {"build_time": 0.06000036900002215, "build_memory_mb": 5.875, "search_avg": 1.6181319999191146e-05, "search_p50": 1.582000001576489e-05}}