{"timestamp": 1755133677.719066, "dataset": "medium", "config": {"N": 100000, "D": 128, "k": 20}, "repeats": 50, "rust_annie": {"build_time": 0.0317262929999913, "build_memory_mb": 54.875, "search_times": [0.005058993000005785, 0.004505109000007224, 0.00396426099999303, 0.003832332999991195, 0.004172990000000709, 0.004065650000001142, 0.0040035240000122485, 0.003930117000010114, 0.004074315999986311, 0.004049328999997215, 0.004022119999973484, 0.004005347000003212, 0.004056222000002663, 0.003977665000007846, 0.004026245999995126, 0.004064868000000388, 0.004004945999980691, 0.0039379209999879095, 0.00398985799998286, 0.004007310999980973, 0.004009334000016906, 0.004018201999997473, 0.003984048000006624, 0.003998224000014261, 0.004197325000006913, 0.003966485000006514, 0.003950013999997282, 0.003975621999984469, 0.003940313999976297, 0.003999898999978768, 0.003959911999999122, 0.004060841000011806, 0.004032488000007106, 0.004053695999999718, 0.004021948000001885, 0.0039981959999977335, 0.004038860000008526, 0.0038345090000007076, 0.0038714369999865994, 0.0038202830000102495, 0.0037665119999985563, 0.004117747000009331, 0.0040244230000041625, 0.004075768000006974, 0.004126393000007056, 0.004033859999992728, 0.004030623999994987, 0.004054498999977341, 0.004018511999987595, 0.004008242999987033], "search_avg": 0.004034746879997897, "search_p50": 0.00401376800000719, "search_p95": 0.004186374250004121, "search_p99": 0.004787589840006489}, "sklearn": {"build_time": 0.0035139710000180457, "build_memory_mb": 0.0, "search_avg": 0.007584807279998245, "search_p50": 0.00701521349998302}, "faiss": {"build_time": 0.008043695999987222, "build_memory_mb": 49.41796875, "search_avg": 0.002257464440000945, "search_p50": 0.0022490835000041898}, "annoy": {"build_time": 1.0692795630000091, "build_memory_mb": 67.50390625, "search_avg": 4.4138580000208095e-05, "search_p50": 4.240399999844158e-05}}