{"timestamp": 1765069912.400752, "dataset": "small", "config": {"N": 10000, "D": 64, "k": 10}, "repeats": 50, "rust_annie": {"build_time": 0.0025361309999993864, "build_memory_mb": 3.25, "search_times": [0.00047383699995862116, 0.00036842100001877043, 0.0006203419999906146, 0.00042106900002636394, 0.0005762800000184143, 0.0005940820000205349, 0.0005616320000285668, 0.0005056880000324782, 0.0005081920000407081, 0.0002884400000198184, 0.0002968259999533984, 0.00028990300000941716, 0.00033627999999907843, 0.00029490299999679337, 0.00028757900003029135, 0.0003115730000331496, 0.00029075499998043597, 0.0003174319999743602, 0.0003115139999749772, 0.00030685499996252474, 0.0002895330000001195, 0.00035278100000368795, 0.000294632000020556, 0.0002861669999560945, 0.000331972000026326, 0.0003119049999895651, 0.00030963000000383545, 0.00028588600002876774, 0.0003078469999877598, 0.0002977279999640814, 0.0003146489999608093, 0.00031539000002567263, 0.0002943420000178776, 0.00029757799995877576, 0.00030354900002294016, 0.00032379600003196174, 0.0002918560000466641, 0.00028952200000276207, 0.00031877800000756906, 0.0003044709999926454, 0.00028514400003132323, 0.0003214719999959925, 0.00031230499996581784, 0.00028518400000621114, 0.00030453099998339894, 0.0002980779999575134, 0.0002953430000047774, 0.0002803859999858105, 0.00031325699995932155, 0.0003182259999903181], "search_avg": 0.00034195081999996543, "search_p50": 0.0003087384999957976, "search_p95": 0.0005696884000229829, "search_p99": 0.0006074746000052755}, "sklearn": {"build_time": 0.0008020520000400211, "build_memory_mb": 0.0, "search_avg": 0.0012131737400045495, "search_p50": 0.0005767300000059095}, "faiss": {"build_time": 0.0010611480000193296, "build_memory_mb": 2.25390625, "search_avg": 8.260408000296593e-05, "search_p50": 7.447900000556729e-05}, "annoy": {"build_time": 0.05765336000001753, "build_memory_mb": 6.0, "search_avg": 1.5913759996237785e-05, "search_p50": 1.4787000026217356e-05}}