{"timestamp": 1765867899.2086, "dataset": "medium", "config": {"N": 100000, "D": 128, "k": 20}, "repeats": 50, "rust_annie": {"build_time": 0.05006348300003083, "build_memory_mb": 57.921875, "search_times": [0.005461498999920877, 0.004941400000006979, 0.004393904999915321, 0.004555640999910793, 0.004376631000013731, 0.004498282999975345, 0.004406169000048976, 0.004341377000059765, 0.004569482000079006, 0.00456703599991215, 0.004616312000052858, 0.004522326000028443, 0.004488098000024365, 0.004338216999940414, 0.004352301000039915, 0.0043380839999827, 0.004475553000020227, 0.004284601999984261, 0.004290987999979734, 0.004304616000013084, 0.0043577609999374545, 0.004489568000053623, 0.00453325799992399, 0.004447444999982508, 0.004549485999973513, 0.004585630000065066, 0.0045283179999842105, 0.004418451000105961, 0.00447081499999058, 0.004610337000030995, 0.004453812999940965, 0.004275930000062544, 0.0043304179999950065, 0.004328028999907474, 0.00437671899999259, 0.004330091000042557, 0.004369523000036679, 0.004357301000027292, 0.0042905779999955485, 0.004379584000048453, 0.004341702000033365, 0.00432755500003168, 0.004392617000007704, 0.004690305999929478, 0.004626283999982661, 0.004485025999997561, 0.0045817980000038006, 0.004454637999970146, 0.004587254999933066, 0.004632850000007238], "search_avg": 0.004474512119998053, "search_p50": 0.0044506289999617366, "search_p95": 0.00466445079996447, "search_p99": 0.005206650489963066}, "sklearn": {"build_time": 0.004637570999989293, "build_memory_mb": 0.0, "search_avg": 0.00946653963999779, "search_p50": 0.008429228499949204}, "faiss": {"build_time": 0.014708460000065315, "build_memory_mb": 49.38671875, "search_avg": 0.0030988780999950906, "search_p50": 0.0030500629999892226}, "annoy": {"build_time": 0.9663941810000551, "build_memory_mb": 66.9921875, "search_avg": 4.166598000210797e-05, "search_p50": 4.108950003001155e-05}}