{"timestamp": 1764205390.003754, "dataset": "small", "config": {"N": 10000, "D": 64, "k": 10}, "repeats": 50, "rust_annie": {"build_time": 0.0024626599999919563, "build_memory_mb": 3.14453125, "search_times": [0.0004348479999976007, 0.000355410999986816, 0.00033329000001458553, 0.00030652999998892483, 0.00030319399999712005, 0.0003051380000158588, 0.0003150560000051428, 0.000315556999993305, 0.0003055979999828651, 0.0003131619999976465, 0.0003071509999870159, 0.00029982799998151677, 0.0003001489999974183, 0.0002903500000002168, 0.0002983949999872948, 0.0003318370000044979, 0.00028940799998622424, 0.0003139030000056664, 0.00029134199999703014, 0.00032580599997800164, 0.0003133129999923767, 0.00032112700000652694, 0.00031842199999232434, 0.00029855599998995785, 0.0002844690000074479, 0.00031755099999486447, 0.0002896789999908833, 0.0003024330000016562, 0.00028778600000123333, 0.00031748099999617807, 0.00029690200000231926, 0.0003110279999987142, 0.00030060000000275977, 0.0003848660000187465, 0.00030741300000158844, 0.0003076729999804684, 0.0002983850000077837, 0.0003052880000211644, 0.0003320479999899817, 0.000303032999994457, 0.0003054379999980483, 0.00033505400000422014, 0.0003120410000008178, 0.00028062199999112636, 0.00033248799999796574, 0.0003143650000083653, 0.00030558800000335395, 0.0002949179999802709, 0.0003353140000115218, 0.00032661800000255425], "search_avg": 0.0003135290399978885, "search_p50": 0.00030728199999430217, "search_p95": 0.00034636734999793356, "search_p99": 0.00041035682000796204}, "sklearn": {"build_time": 0.0006076100000029783, "build_memory_mb": 0.0, "search_avg": 0.0012625415400009388, "search_p50": 0.0005654714999963062}, "faiss": {"build_time": 0.0011113460000160558, "build_memory_mb": 2.3984375, "search_avg": 7.10977199997842e-05, "search_p50": 6.900349998772981e-05}, "annoy": {"build_time": 0.05943167899999935, "build_memory_mb": 9.26171875, "search_avg": 1.633101999857445e-05, "search_p50": 1.5598999993926554e-05}}