{"timestamp": 1766970801.976614, "dataset": "small", "config": {"N": 10000, "D": 64, "k": 10}, "repeats": 50, "rust_annie": {"build_time": 0.0025363490000245292, "build_memory_mb": 3.125, "search_times": [0.0004371969999965586, 0.00035284899996668173, 0.0002974350000499726, 0.00031008999997084175, 0.00029323500001510183, 0.0002980369999932009, 0.0002941000000191707, 0.00027114600004551903, 0.00028578699999570745, 0.0002862549999917974, 0.00031779400001141767, 0.00029074999997646955, 0.0002769879999959812, 0.00031303800000159754, 0.0002922030000149789, 0.00030027399998289184, 0.0002964340000062293, 0.00028979100000015023, 0.00028090500001098917, 0.00027410200004851504, 0.00029275599996481105, 0.0002787010000133705, 0.000276267000003827, 0.00029922899994971885, 0.0002933979999966141, 0.00030515700001387813, 0.0003079960000036408, 0.00030611199997565564, 0.00030153400001609043, 0.00030783500000097774, 0.0003037079999899106, 0.00030586200000470853, 0.0002878880000025674, 0.00029778599997598576, 0.00031020000000125947, 0.0002920560000347905, 0.0002847819999942658, 0.00028666499997598294, 0.0002724390000139465, 0.00028980100000808307, 0.0002870960000223022, 0.00027706800000260046, 0.00027717699998675016, 0.0003057409999769334, 0.0003186249999771462, 0.0003087369999548173, 0.0003069740000114507, 0.000300340999956461, 0.00031068100003039945, 0.0002871359999971901], "search_avg": 0.00029876315999899817, "search_p50": 0.0002952670000127, "search_p95": 0.0003182510499925684, "search_p99": 0.0003958664799819188}, "sklearn": {"build_time": 0.0005751649999865549, "build_memory_mb": 0.0, "search_avg": 0.001712231460003295, "search_p50": 0.0005833904999974493}, "faiss": {"build_time": 0.0011451899999883608, "build_memory_mb": 2.25, "search_avg": 8.162684000126319e-05, "search_p50": 7.336699999882512e-05}, "annoy": {"build_time": 0.06018000900002107, "build_memory_mb": 6.0, "search_avg": 1.590383999655387e-05, "search_p50": 1.5483999987964125e-05}}