{"timestamp": 1765328833.293571, "dataset": "medium", "config": {"N": 100000, "D": 128, "k": 20}, "repeats": 50, "rust_annie": {"build_time": 0.051812330000075235, "build_memory_mb": 57.94921875, "search_times": [0.004809054000133983, 0.004439975999957824, 0.0038721470000382396, 0.003764154000009512, 0.0037693839999519696, 0.0037902429999121523, 0.003815080000094895, 0.0038354179998805193, 0.0037885579999965557, 0.003738917999953628, 0.003841818999944735, 0.0037665999998353072, 0.0037301509998997062, 0.0037867669998377096, 0.003791494999859424, 0.0037719790000210196, 0.0038507649999246496, 0.0037708159998146584, 0.0037701870001001225, 0.0038047699999879114, 0.0037973359999341483, 0.0037524320000557054, 0.0037606680000408232, 0.003799260999812759, 0.003896049999866591, 0.003756257999839363, 0.0037579830000140646, 0.003741424000054394, 0.003753905000166924, 0.003739377999863791, 0.0038184559998626355, 0.0038073630000781122, 0.003784631999906196, 0.0037741829999049514, 0.003753273000029367, 0.003763242999866634, 0.0037477130001661862, 0.003761910000093849, 0.0037375049998900067, 0.003795884000055594, 0.003811803000189684, 0.0037750240001059865, 0.003959422000207269, 0.00385706800011576, 0.0038990959999409824, 0.004110560000071928, 0.004105030000118859, 0.004080082999962542, 0.004040991000010763, 0.004048925999995845], "search_avg": 0.0038539028199875247, "search_p50": 0.003789400499954354, "search_p95": 0.004108071500093046, "search_p99": 0.004628205780047664}, "sklearn": {"build_time": 0.003229336999993393, "build_memory_mb": 0.125, "search_avg": 0.007495219539996469, "search_p50": 0.00669378699990375}, "faiss": {"build_time": 0.007678148999957557, "build_memory_mb": 49.30078125, "search_avg": 0.0021605566599964734, "search_p50": 0.0021511045000579543}, "annoy": {"build_time": 1.0432910149997952, "build_memory_mb": 67.71484375, "search_avg": 4.547184000330162e-05, "search_p50": 4.4277499910094775e-05}}