{"timestamp": 1764982971.773517, "dataset": "small", "config": {"N": 10000, "D": 64, "k": 10}, "repeats": 50, "rust_annie": {"build_time": 0.0024764300000015282, "build_memory_mb": 3.125, "search_times": [0.0004784870000094088, 0.0003588520000050721, 0.0003635319999943931, 0.0003059619999987717, 0.0003021859999989829, 0.0003053529999874627, 0.0002899529999922379, 0.00030649499998958163, 0.00031352700000297773, 0.0003745369999990089, 0.00032451499998842337, 0.00032827500001531007, 0.0003145400000050813, 0.0002874889999873176, 0.0002931200000091394, 0.0003249490000030164, 0.00027756000000067615, 0.00030027299999346724, 0.0003269820000184609, 0.0002934799999820825, 0.0002965950000088924, 0.0003350779999777842, 0.00031122299998287417, 0.0002989500000012413, 0.0004115000000126656, 0.0003166130000238354, 0.0003020959999844308, 0.0003309200000103374, 0.00028980299998693226, 0.00029229799997665395, 0.0002940710000132185, 0.0002992409999933443, 0.00028630700001031073, 0.0002821089999827109, 0.00030847799999378367, 0.0003023060000089117, 0.00029637600002274667, 0.0002817879999952311, 0.0003022960000009789, 0.0002912159999937103, 0.0002853440000194496, 0.00032425699998839264, 0.00031589200000325945, 0.00029377000001318265, 0.0003087980000202606, 0.00030931000000578024, 0.0003096199999959026, 0.00033227299999794013, 0.0003101709999953073, 0.0002954040000133773], "search_avg": 0.0003136834000002864, "search_p50": 0.0003056574999931172, "search_p95": 0.00036958474999693175, "search_p99": 0.00044566337001100453}, "sklearn": {"build_time": 0.0005869090000203414, "build_memory_mb": 0.0, "search_avg": 0.0017785355199981723, "search_p50": 0.0005793105000009291}, "faiss": {"build_time": 0.001085775000007061, "build_memory_mb": 2.25, "search_avg": 7.488530000216543e-05, "search_p50": 7.239600000730206e-05}, "annoy": {"build_time": 0.05904739100000711, "build_memory_mb": 7.80078125, "search_avg": 1.599003999956494e-05, "search_p50": 1.5679000000545784e-05}}