{"timestamp": 1767143351.677187, "dataset": "small", "config": {"N": 10000, "D": 64, "k": 10}, "repeats": 50, "rust_annie": {"build_time": 0.0027062249999971755, "build_memory_mb": 3.125, "search_times": [0.0004706579999265159, 0.00037121200000456156, 0.00029433899999276036, 0.0003247560000545491, 0.0003138049999051873, 0.00035506500000792585, 0.0003314780000209794, 0.0003168309999637131, 0.0002944589999742675, 0.0003088060000209225, 0.00042400099994210905, 0.00037185300004694, 0.000390928999991047, 0.00035067399994659354, 0.0002808039999990797, 0.0003166000000192071, 0.00028462099999160273, 0.00028220599995165685, 0.0003209089999245407, 0.00027940099994339107, 0.0002970729999560717, 0.00028107399998589244, 0.00031614899990017875, 0.0003037459999859493, 0.00028328799999144394, 0.00030311500006519054, 0.0002866149999363188, 0.0002908419999130274, 0.00029365700004291284, 0.00027597500002229935, 0.0002973439999323091, 0.00029007099999489583, 0.0003053589999808537, 0.0003116909999789641, 0.00027713700001186226, 0.00028966000002128567, 0.00028238699997018557, 0.0002864740000632082, 0.00029757499999050196, 0.000293986000087898, 0.00028901899997890723, 0.00027843899999879795, 0.0003201880000460733, 0.00030752299994674104, 0.0002810539999700268, 0.00031159100001332263, 0.00029430899996896187, 0.00030006000008597766, 0.0002979449999429562, 0.0002947489999769459], "search_avg": 0.0003104300399877502, "search_p50": 0.0002974594999614055, "search_p95": 0.0003823448000161988, "search_p99": 0.00044779606993415643}, "sklearn": {"build_time": 0.0006362170000784317, "build_memory_mb": 0.0, "search_avg": 0.001227744820002954, "search_p50": 0.0005947139999875617}, "faiss": {"build_time": 0.0010903529999950479, "build_memory_mb": 2.2578125, "search_avg": 7.656905999738228e-05, "search_p50": 7.459899995865271e-05}, "annoy": {"build_time": 0.059613962999947034, "build_memory_mb": 9.328125, "search_avg": 1.7457879991980007e-05, "search_p50": 1.6465499982132314e-05}}