{"timestamp": 1761959215.828688, "dataset": "medium", "config": {"N": 100000, "D": 128, "k": 20}, "repeats": 50, "rust_annie": {"build_time": 0.053154365000011694, "build_memory_mb": 57.8359375, "search_times": [0.00518028599998388, 0.004596202000016092, 0.00400476400000116, 0.003884959999993498, 0.0038939469999945686, 0.0037974480000002586, 0.0038548830000024736, 0.0038726569999880667, 0.003884678999980906, 0.0038714639999852807, 0.003900044999994634, 0.0038644709999857696, 0.0038462600000173097, 0.003860574000015049, 0.00390916499998184, 0.0038725569999940035, 0.00385895099998379, 0.003835917999992944, 0.0038589279999996506, 0.0038067829999874903, 0.003792826999983845, 0.0037490349999984574, 0.003868200999988858, 0.00387522099998705, 0.003854852999978675, 0.0038381820000097377, 0.0037674190000132057, 0.0037981939999838232, 0.003797535000018115, 0.0038163939999833474, 0.0037601459999905273, 0.003787934000001769, 0.0038287440000033257, 0.0038036869999871215, 0.0038000010000018847, 0.0038110710000012205, 0.004023429000000078, 0.00399880299997335, 0.004010614999998552, 0.004127045999979373, 0.003898845999998457, 0.003934992999973019, 0.003847869999987097, 0.003819035999981679, 0.0038940470000170535, 0.003874379999984967, 0.003847629999995661, 0.003838443000006464, 0.0037856029999829843, 0.003776064999982509], "search_avg": 0.0039016238399938175, "search_p50": 0.003856905500001062, "search_p95": 0.00408041834998869, "search_p99": 0.004894084839999663}, "sklearn": {"build_time": 0.0036327980000123716, "build_memory_mb": 0.0, "search_avg": 0.007980337839999834, "search_p50": 0.007154430499994646}, "faiss": {"build_time": 0.008779070000002775, "build_memory_mb": 49.23828125, "search_avg": 0.0027404054400000178, "search_p50": 0.0027220855000109623}, "annoy": {"build_time": 1.0808809979999978, "build_memory_mb": 67.73046875, "search_avg": 4.7799220000683816e-05, "search_p50": 4.7223000009921634e-05}}