{"timestamp": 1765426258.012258, "dataset": "small", "config": {"N": 10000, "D": 64, "k": 10}, "repeats": 50, "rust_annie": {"build_time": 0.0026282179999839173, "build_memory_mb": 3.25, "search_times": [0.0004569660000015574, 0.00028572599998710757, 0.00029483200000868237, 0.0003287859999829834, 0.0003378530000190949, 0.0003076060000068992, 0.0003314900000077614, 0.0003149200000223118, 0.0003011439999909271, 0.0003232250000166914, 0.00031772500000215587, 0.0003033080000136579, 0.00029451200001062716, 0.00030717499998900166, 0.00031213399998364366, 0.0003181959999949413, 0.00031834600000024693, 0.00029497200000605517, 0.00028807000001052074, 0.0003148600000031365, 0.0003177050000147119, 0.0002954830000021502, 0.00029186599999775353, 0.0003202390000183186, 0.00031156399998621964, 0.00030503199999998287, 0.00033319400000664245, 0.0003255899999885514, 0.0003096890000051644, 0.0003205799999932424, 0.00032598100000313934, 0.00031048100001385137, 0.00033585900001753544, 0.0003115430000093511, 0.00031751399998825036, 0.0003080269999884422, 0.0002872780000018338, 0.00029356000001712346, 0.0003045100000065304, 0.0003282450000199333, 0.0002956440000048133, 0.00031384799999045754, 0.0003359189999798673, 0.0003102410000224154, 0.0002813069999945128, 0.00030772599998840633, 0.0003039799999839943, 0.0003202299999998104, 0.0003124549999995452, 0.0003011040000160392], "search_avg": 0.00031376480000233186, "search_p50": 0.00031155349999778537, "search_p95": 0.00033589199999681794, "search_p99": 0.00039860063001015053}, "sklearn": {"build_time": 0.0005756179999991673, "build_memory_mb": 0.0, "search_avg": 0.0016661835399997926, "search_p50": 0.0005799110000026531}, "faiss": {"build_time": 0.0010661360000199238, "build_memory_mb": 2.25, "search_avg": 7.496364000019185e-05, "search_p50": 7.13390000015579e-05}, "annoy": {"build_time": 0.06055736199999728, "build_memory_mb": 6.04296875, "search_avg": 1.618449999966742e-05, "search_p50": 1.536899999621255e-05}}