{"timestamp": 1755220076.958835, "dataset": "medium", "config": {"N": 100000, "D": 128, "k": 20}, "repeats": 50, "rust_annie": {"build_time": 0.031804198000003225, "build_memory_mb": 54.875, "search_times": [0.005000486000000137, 0.004518913999987717, 0.00439927899998338, 0.004054714000005788, 0.004009719999999106, 0.004107993999980408, 0.003993168999983254, 0.00399216700000693, 0.004051958999980343, 0.004152527000002237, 0.004042106000014201, 0.003773717999990822, 0.003813551999996889, 0.004079380999996829, 0.004083027000007178, 0.004069461999989699, 0.004034255999982861, 0.003990694999998823, 0.0039918159999956515, 0.003993528999984619, 0.0040652639999905205, 0.003972394000015811, 0.003992007000022113, 0.004005883000019139, 0.004034455999999409, 0.0040510279999921295, 0.004034727000004068, 0.003963102000000163, 0.004002713000005542, 0.0040199889999996685, 0.004001103999996758, 0.003941962999988391, 0.003994721999987405, 0.004004589999993868, 0.003770231000004287, 0.0037929279999957544, 0.0037753009999903497, 0.0037959189999980936, 0.0037507350000112183, 0.003798333999981196, 0.0038118960000019797, 0.003992697999990469, 0.0039011899999934485, 0.0039024249999783933, 0.0040009770000040135, 0.003994320999993306, 0.003924320000010084, 0.003924841000014112, 0.004025719999987132, 0.004018776999998863], "search_avg": 0.004008340519997091, "search_p50": 0.003997849499995709, "search_p95": 0.004288240599991866, "search_p99": 0.00476451571999405}, "sklearn": {"build_time": 0.0032389860000137105, "build_memory_mb": 0.0, "search_avg": 0.008967686220000815, "search_p50": 0.00842239450001614}, "faiss": {"build_time": 0.00868677999997658, "build_memory_mb": 49.3828125, "search_avg": 0.0022230259400032536, "search_p50": 0.002222541999998384}, "annoy": {"build_time": 1.0810212129999854, "build_memory_mb": 67.1875, "search_avg": 4.643097999746715e-05, "search_p50": 4.724850001025516e-05}}