{"timestamp": 1762132015.156849, "dataset": "small", "config": {"N": 10000, "D": 64, "k": 10}, "repeats": 50, "rust_annie": {"build_time": 0.002594909000009693, "build_memory_mb": 3.01953125, "search_times": [0.00046880499999701897, 0.0004245130000128938, 0.00030186400002207847, 0.00031374599998912345, 0.0003347859999962566, 0.0003073940000035691, 0.0003180579999764177, 0.00043381099999351136, 0.0003069339999797194, 0.0003134760000023107, 0.00031874600000492137, 0.00032464700001355595, 0.00029092399998376095, 0.0002963539999996101, 0.0003090069999984735, 0.00030927800000313255, 0.0003686290000075587, 0.0002818959999899562, 0.0003054709999901206, 0.0003153389999965839, 0.00030112199999621225, 0.00031593100001714447, 0.0003251579999812293, 0.00029278700000645586, 0.00028845000002775123, 0.00030941800000050534, 0.0003069129999744291, 0.00029883800002039607, 0.0003179439999883016, 0.0003185449999989487, 0.00029763599999910184, 0.00030379800000446266, 0.0003194870000129413, 0.00030441900000255373, 0.00029383899999402274, 0.00033617799999774434, 0.0003176939999889328, 0.0003010730000028161, 0.0003186950000042543, 0.0002858340000102544, 0.0003029259999891565, 0.0002986479999833591, 0.00032820299998093105, 0.00032921499999361004, 0.0003152790000058303, 0.00031515899999590147, 0.00033065799999576484, 0.0003080049999937273, 0.00031982799998786504, 0.0003099989999952868], "search_avg": 0.00031910713999820927, "search_p50": 0.00031173749999879874, "search_p95": 0.00039936520001049286, "search_p99": 0.0004516579399953002}, "sklearn": {"build_time": 0.0006056610000086948, "build_memory_mb": 0.0, "search_avg": 0.001282365440000035, "search_p50": 0.0005742930000138813}, "faiss": {"build_time": 0.00046123100000272643, "build_memory_mb": 2.3984375, "search_avg": 7.161945999882846e-05, "search_p50": 6.852799999990111e-05}, "annoy": {"build_time": 0.05918261600001529, "build_memory_mb": 6.140625, "search_avg": 1.6019139998775244e-05, "search_p50": 1.548400000217498e-05}}