{"timestamp": 1765252872.862551, "dataset": "small", "config": {"N": 10000, "D": 64, "k": 10}, "repeats": 50, "rust_annie": {"build_time": 0.002528939999990598, "build_memory_mb": 3.125, "search_times": [0.000414349999971364, 0.0003144650000308502, 0.00030393500003356166, 0.0004184169999916776, 0.0003254739999647427, 0.00028482900000881273, 0.00029574999996384577, 0.00031511599996747464, 0.00029334499998867614, 0.0002867470000182948, 0.0002908000000161337, 0.0003036640000004809, 0.00030389500000183034, 0.00028775499998801024, 0.0003222179999511354, 0.00030140699999492426, 0.00032309300001998054, 0.00033002300000362084, 0.00029461799999808136, 0.00030386499997803185, 0.0003302939999798582, 0.0003114689999961229, 0.00031476499998461804, 0.00029418600001918094, 0.0003146149999793124, 0.0003144039999938286, 0.0002973320000023705, 0.000321567000014511, 0.00029900599997745303, 0.0002887669999722675, 0.0003095060000077865, 0.0002902400000266425, 0.0002947380000364319, 0.00031035700004622413, 0.0003279700000007324, 0.00030133100000284685, 0.0002974429999653694, 0.0003106970000317233, 0.0003221990000383812, 0.0003079319999983454, 0.0003132020000293778, 0.00031693900001528164, 0.00029534899999816844, 0.00031571599998869715, 0.00029197300000305404, 0.00029356599998209276, 0.0003276489999848309, 0.00030119899997771427, 0.0002988849999496779, 0.0002942360000020017], "search_avg": 0.00031042595999792867, "search_p50": 0.000303915000017696, "search_p95": 0.0003301720499905514, "search_p99": 0.00041642416998172394}, "sklearn": {"build_time": 0.0005412450000221725, "build_memory_mb": 0.0, "search_avg": 0.002215634780000073, "search_p50": 0.0005680505000213998}, "faiss": {"build_time": 0.0010257559999899968, "build_memory_mb": 2.2578125, "search_avg": 7.988561999809462e-05, "search_p50": 7.385700001805162e-05}, "annoy": {"build_time": 0.05894253100001379, "build_memory_mb": 5.875, "search_avg": 1.62619199988967e-05, "search_p50": 1.587949998338445e-05}}