{"timestamp": 1755738069.367118, "dataset": "medium", "config": {"N": 100000, "D": 128, "k": 20}, "repeats": 50, "rust_annie": {"build_time": 0.03251246700000365, "build_memory_mb": 54.89453125, "search_times": [0.005267251999981681, 0.0047209909999992306, 0.004059511999997767, 0.004044410999995307, 0.004107406000002811, 0.003985851999999568, 0.004051443999998128, 0.004074247000005471, 0.004199694999982739, 0.004240578999997524, 0.004094705999989401, 0.004146302999998852, 0.00418246999998928, 0.004244857999992746, 0.004255677999992713, 0.004234146999976929, 0.004092993000000433, 0.004321049999987281, 0.00406920800000421, 0.0043752520000168715, 0.00416286099999752, 0.0041791040000020985, 0.004316220999982079, 0.0042019469999843295, 0.004133989999985488, 0.004088112999994564, 0.004227174000021705, 0.0039775859999906515, 0.004327973000016527, 0.004257311000003483, 0.004171442000000525, 0.004367717999997467, 0.004326942000005829, 0.004203700000005028, 0.0041541269999925134, 0.004076491000006399, 0.004022410000004584, 0.003940075000002707, 0.003920358000016222, 0.004013843999985056, 0.003950625000015862, 0.003974630000016077, 0.003921510000026274, 0.0039145650000023124, 0.003876384999983884, 0.0040337119999946935, 0.003946156000012024, 0.003958631000017476, 0.003924215000012055, 0.00390456900001368], "search_avg": 0.004144848779999961, "search_p50": 0.004101055999996106, "search_p95": 0.0043718617000081395, "search_p99": 0.0049995841099902795}, "sklearn": {"build_time": 0.0035585900000114634, "build_memory_mb": 0.0, "search_avg": 0.007864120480000451, "search_p50": 0.007199733500002026}, "faiss": {"build_time": 0.008761784999990141, "build_memory_mb": 49.2890625, "search_avg": 0.002435048119999692, "search_p50": 0.0024279119999874865}, "annoy": {"build_time": 1.0892560119999928, "build_memory_mb": 66.5390625, "search_avg": 4.883489999770063e-05, "search_p50": 4.8261000003435583e-05}}