{"timestamp": 1763514215.003095, "dataset": "medium", "config": {"N": 100000, "D": 128, "k": 20}, "repeats": 50, "rust_annie": {"build_time": 0.052241524999999456, "build_memory_mb": 57.921875, "search_times": [0.00480939499999522, 0.00443243199998733, 0.0038406449999968117, 0.0037993789999859473, 0.0037298180000107095, 0.003801492000008011, 0.0037274539999998524, 0.0038551030000064657, 0.003789180000012493, 0.0037642829999811056, 0.00379775599998311, 0.003790301000009322, 0.0038211890000070525, 0.003817852999986826, 0.0037697129999969547, 0.003758411000006845, 0.003850583999991386, 0.0038597010000103182, 0.0038020140000014635, 0.0042541579999806345, 0.0038592800000003535, 0.003929120999998759, 0.0037962629999981345, 0.00378710500001489, 0.0038119419999986803, 0.0038269500000183143, 0.0038433809999958157, 0.004061557999989418, 0.004117774000008012, 0.004101853000008759, 0.004090423000008059, 0.004014710999996396, 0.0040632019999975455, 0.00399381199997606, 0.0040286370000046645, 0.004025842000004332, 0.00404272299999775, 0.004064955000018244, 0.004030811000006906, 0.003949720000008483, 0.004055637999982764, 0.004021644000005153, 0.004005062999993925, 0.003966560999998592, 0.003988861999999926, 0.003976399999999103, 0.003963615000003529, 0.004030189000019391, 0.0038714330000004793, 0.00379465000000323], "search_avg": 0.00394369958000027, "search_p50": 0.003900276999999619, "search_p95": 0.004192785199992954, "search_p99": 0.004624683129991353}, "sklearn": {"build_time": 0.003417184999989331, "build_memory_mb": 0.0, "search_avg": 0.00834852789999843, "search_p50": 0.007192888999995262}, "faiss": {"build_time": 0.008052614999996877, "build_memory_mb": 49.2421875, "search_avg": 0.0023028497000007063, "search_p50": 0.0022946819999987156}, "annoy": {"build_time": 1.051814377999989, "build_memory_mb": 67.76953125, "search_avg": 4.5606059999272474e-05, "search_p50": 4.45380000115847e-05}}