{"timestamp": 1767316174.029733, "dataset": "small", "config": {"N": 10000, "D": 64, "k": 10}, "repeats": 50, "rust_annie": {"build_time": 0.0025041640000154075, "build_memory_mb": 3.125, "search_times": [0.00042237499997099803, 0.00028451900004711206, 0.00028680399998393113, 0.0003019119999407849, 0.00031143000001065957, 0.000292244999968716, 0.0002804619999778879, 0.00031016799994176836, 0.00029176400005326286, 0.00027232699994783616, 0.00028579199999967386, 0.0002914329999157417, 0.00027580599999055266, 0.0003052770000522287, 0.0002999990000489561, 0.00030341599995153956, 0.000290270000050441, 0.0002840690000311952, 0.0003117310000106954, 0.0003119819999710671, 0.0003279409999095151, 0.0003161289999979999, 0.0002909419999923557, 0.00028372900010253943, 0.0002853510000022652, 0.0002898189999314127, 0.0002890790000265042, 0.0002963919999956488, 0.00029914700007793726, 0.000305949999983568, 0.00028880700006084226, 0.0003131429999712054, 0.00030290400002286333, 0.00029436800002713426, 0.00030636999997568637, 0.00032023700009631284, 0.00030319500001496635, 0.0002978750000011132, 0.00028919900000801135, 0.0002761650000593363, 0.0003040159999727621, 0.0003148259999079528, 0.0002781280001045161, 0.00027805799993529945, 0.00026981200005593564, 0.00030529700006809435, 0.00027345899991360056, 0.00028122399999119807, 0.0003119709999737097, 0.0002930959999503102], "search_avg": 0.0002980081999999129, "search_p50": 0.00029373199998872224, "search_p95": 0.000318388400052072, "search_p99": 0.0003761023399408712}, "sklearn": {"build_time": 0.0005491719999781708, "build_memory_mb": 0.0, "search_avg": 0.001272722359999534, "search_p50": 0.0005664105000278141}, "faiss": {"build_time": 0.001064041999939036, "build_memory_mb": 2.25, "search_avg": 7.391881999637917e-05, "search_p50": 7.159349996754827e-05}, "annoy": {"build_time": 0.058818979999955445, "build_memory_mb": 6.0, "search_avg": 1.5964800002166158e-05, "search_p50": 1.5688999951635196e-05}}