{"timestamp": 1761787211.473848, "dataset": "small", "config": {"N": 10000, "D": 64, "k": 10}, "repeats": 50, "rust_annie": {"build_time": 0.002588582000015549, "build_memory_mb": 3.01953125, "search_times": [0.000493048999999246, 0.00036639300000729236, 0.00029352699999662946, 0.0003025430000036522, 0.00031178099999351616, 0.0003199859999938326, 0.0003024829999844769, 0.0003071619999843733, 0.00029873599999064027, 0.0003117610000060722, 0.00033196800001178417, 0.0003056090000086442, 0.00028129399998988447, 0.0003173910000100477, 0.000317390999981626, 0.0003129629999989447, 0.0002972039999917797, 0.00030951700000514393, 0.00029089199998111326, 0.00034631500000159576, 0.0003397929999948701, 0.00029278599998860955, 0.00031902500001024237, 0.00031096899999738525, 0.00032657799999924464, 0.00031663000001458386, 0.0003071520000048622, 0.000293126999991955, 0.00032123900001579386, 0.0002846499999975549, 0.00030695199998831413, 0.00030192200000556113, 0.00031898400001750815, 0.00030983799999262374, 0.0002959309999823745, 0.00031371399998647576, 0.00034016399999359237, 0.00032229999999344727, 0.0003020819999903779, 0.000324145999996972, 0.0003090460000123585, 0.0003138940000155799, 0.00031708099999150363, 0.0003038059999767029, 0.0002997680000191849, 0.0002885370000171861, 0.00031681100000469087, 0.0003176019999955315, 0.00029476000000272506, 0.00030005900001128794], "search_avg": 0.0003145462199989879, "search_p50": 0.0003104034999950045, "search_p95": 0.0003435470499979942, "search_p99": 0.0004309875600031885}, "sklearn": {"build_time": 0.0006244530000003579, "build_memory_mb": 0.0, "search_avg": 0.0015430439199974443, "search_p50": 0.0005884965000007014}, "faiss": {"build_time": 0.0010823559999835197, "build_memory_mb": 2.26953125, "search_avg": 7.318492000081278e-05, "search_p50": 7.022549999646799e-05}, "annoy": {"build_time": 0.061475659999985055, "build_memory_mb": 5.91796875, "search_avg": 1.8051180001066312e-05, "search_p50": 1.7107000005012196e-05}}