{"timestamp": 1766538423.831381, "dataset": "small", "config": {"N": 10000, "D": 64, "k": 10}, "repeats": 50, "rust_annie": {"build_time": 0.0026383059999943725, "build_memory_mb": 3.125, "search_times": [0.0005222190000040428, 0.00038534300000492294, 0.00032200399999737783, 0.00030059399998094705, 0.0002920680000215725, 0.00028083600000172737, 0.0003179059999922629, 0.00028512499997646046, 0.0003049320000059197, 0.00033519800001613476, 0.00029773800000043593, 0.00028990399999884175, 0.0003211819999933141, 0.0002982889999998406, 0.000278041999990819, 0.0002845029999889448, 0.0003271330000131911, 0.0003161520000105611, 0.0003126360000180739, 0.00031290699999431126, 0.00033158200000116267, 0.0003106329999980062, 0.0003142289999971126, 0.00031093300000861746, 0.0002868579999812937, 0.00030537300000332834, 0.0003038389999971969, 0.0002915770000129214, 0.00030059299999152245, 0.0003016759999923124, 0.0003096400000117683, 0.0002879199999767934, 0.0003004040000007535, 0.00030192599999168124, 0.0003136679999897751, 0.0003084889999911411, 0.0002953740000180005, 0.0003005430000087017, 0.00032499899998583714, 0.00029105600000889353, 0.00028371199999810415, 0.00028666699998325385, 0.0002948030000027302, 0.00030429000000253836, 0.0002824990000078742, 0.0003320819999999003, 0.00028729900000712405, 0.00031104400000003807, 0.0003100010000025577, 0.00028258899999400455], "search_avg": 0.0003090201799994929, "search_p50": 0.00030288249999443906, "search_p95": 0.0003337958000088292, "search_p99": 0.00045514976000447376}, "sklearn": {"build_time": 0.0007034489999853122, "build_memory_mb": 0.0, "search_avg": 0.0014112036599993872, "search_p50": 0.0005961779999950068}, "faiss": {"build_time": 0.001245573999995031, "build_memory_mb": 2.2578125, "search_avg": 8.658920000073067e-05, "search_p50": 7.818699999972978e-05}, "annoy": {"build_time": 0.05934243300001185, "build_memory_mb": 6.125, "search_avg": 1.8611240002996964e-05, "search_p50": 1.8189500011089876e-05}}