{"timestamp": 1763427792.952399, "dataset": "small", "config": {"N": 10000, "D": 64, "k": 10}, "repeats": 50, "rust_annie": {"build_time": 0.002485550000017156, "build_memory_mb": 3.01953125, "search_times": [0.0004258080000170139, 0.00036562500000059117, 0.00030618400001003465, 0.0003243879999956789, 0.00029968199999075296, 0.0002908349999870552, 0.0002947019999908207, 0.00033748300000979725, 0.00031852699999035394, 0.0003213249999873824, 0.00032935800001610005, 0.00030418999998005347, 0.00030385999997406543, 0.0003358589999891137, 0.000312355000005482, 0.0002963149999857251, 0.00031391900000699025, 0.00030881899999712914, 0.00029257900001766757, 0.0003267030000131399, 0.0002940309999814872, 0.0003157220000105099, 0.0003164329999947313, 0.00030318800000372903, 0.0002846139999803654, 0.0002768690000038987, 0.00031209499999818036, 0.0002951230000007854, 0.00030734599999959755, 0.0003130569999996169, 0.00031978900000240174, 0.0003095110000117529, 0.00032007000001499364, 0.00031645300001059695, 0.0002871079999806625, 0.000321753999998009, 0.00031723399999350477, 0.0002961150000260204, 0.0002822590000164382, 0.00030699499998831925, 0.0003013449999968998, 0.0003085589999898275, 0.0003115140000033989, 0.0002828599999986636, 0.00029075200001216217, 0.00030182599999761806, 0.0003179459999955725, 0.00029560400000150366, 0.0002802050000241252, 0.00030786700000362544], "search_avg": 0.0003100552000000789, "search_p50": 0.00030821299999672647, "search_p95": 0.00033675220000048964, "search_p99": 0.00039631833000896666}, "sklearn": {"build_time": 0.0005784650000180136, "build_memory_mb": 0.0, "search_avg": 0.0014671125399968333, "search_p50": 0.0007615129999862802}, "faiss": {"build_time": 0.00107954400002086, "build_memory_mb": 2.375, "search_avg": 8.36934800003064e-05, "search_p50": 7.937899999888032e-05}, "annoy": {"build_time": 0.059571184000020594, "build_memory_mb": 6.16796875, "search_avg": 1.6292359999852126e-05, "search_p50": 1.5609000001859386e-05}}