{"timestamp": 1763600551.268559, "dataset": "small", "config": {"N": 10000, "D": 64, "k": 10}, "repeats": 50, "rust_annie": {"build_time": 0.0025420329999974456, "build_memory_mb": 3.01953125, "search_times": [0.0004602770000019518, 0.0003011809999975412, 0.0003091570000037791, 0.00030400599999325095, 0.00029901700000323217, 0.00032734999999206593, 0.0003161890000171752, 0.0003014610000207085, 0.0003793060000134574, 0.0003771419999907266, 0.00028663399999118155, 0.000335704999997688, 0.0002939570000251024, 0.00032022599998526857, 0.00032602699999983997, 0.0003032040000050529, 0.000300570000007383, 0.00032633000000714674, 0.0003292629999975816, 0.00030861499999446096, 0.00034149500001490196, 0.000297944000010375, 0.00028951900000606656, 0.00031631900000661517, 0.00032060600000249906, 0.0003236120000167375, 0.0002876359999959277, 0.0003281510000192611, 0.00031743900001401926, 0.0004176479999955518, 0.00033569499998975516, 0.00031057800001121905, 0.00030730100002074323, 0.00032432400001880524, 0.000305749000006017, 0.00031455499998855885, 0.0003074029999936556, 0.00029355600000258164, 0.0002888280000092891, 0.00030421700000715646, 0.0002809230000195839, 0.0002915829999778907, 0.0003068720000101166, 0.0003221300000006977, 0.00029299600001309045, 0.000322481000011976, 0.0003131230000121832, 0.00029190300000436764, 0.00031582799999796407, 0.0003100769999946351], "search_avg": 0.0003177221600043367, "search_p50": 0.0003103275000029271, "search_p95": 0.00037833220000322855, "search_p99": 0.00043938878999881574}, "sklearn": {"build_time": 0.0005881650000105765, "build_memory_mb": 0.0, "search_avg": 0.0012861531600015042, "search_p50": 0.0005659735000023147}, "faiss": {"build_time": 0.0010459179999884327, "build_memory_mb": 2.3984375, "search_avg": 7.466260000001057e-05, "search_p50": 7.085700001141504e-05}, "annoy": {"build_time": 0.05917344899998511, "build_memory_mb": 6.0, "search_avg": 1.6333179996763646e-05, "search_p50": 1.5379000004145382e-05}}