{"timestamp": 1763341505.078117, "dataset": "medium", "config": {"N": 100000, "D": 128, "k": 20}, "repeats": 50, "rust_annie": {"build_time": 0.05344216700001425, "build_memory_mb": 57.97265625, "search_times": [0.005026790999977493, 0.00462380999999823, 0.003855858999997963, 0.003860086000031515, 0.003807698999992226, 0.0038371640000036678, 0.0038529230000108328, 0.0038855740000371952, 0.0038811759999930473, 0.003845308999984809, 0.003947530000004917, 0.003837413999974615, 0.0038291889999868545, 0.0037814499999626605, 0.003942720999987159, 0.0038984579999805646, 0.0037789659999702963, 0.00386578699999518, 0.0038798329999849557, 0.003902226000036535, 0.0038849720000371235, 0.0037954869999907714, 0.0038447279999900275, 0.003907925999953932, 0.0038686329999677582, 0.003841571999998905, 0.003886034999993626, 0.003949162999958844, 0.004071170000031543, 0.003979138999966381, 0.004037727999957497, 0.004022378999991361, 0.004059809000011683, 0.003920480000033422, 0.004168881999987661, 0.003919327999994948, 0.00413963800002648, 0.004094284000018433, 0.00407067899999447, 0.004100504999996701, 0.004007462000004125, 0.00404861799995615, 0.004411585000013929, 0.003898148000018864, 0.0040030830000432616, 0.003938773000015772, 0.003997312999956648, 0.003968799000006129, 0.0039983640000400555, 0.0039792990000364625], "search_avg": 0.003979078919998074, "search_p50": 0.003919904000014185, "search_p95": 0.004302368650002108, "search_p99": 0.004829330309987653}, "sklearn": {"build_time": 0.003430345000026591, "build_memory_mb": 0.125, "search_avg": 0.008865485100000115, "search_p50": 0.007237693999996964}, "faiss": {"build_time": 0.009088124000015796, "build_memory_mb": 49.23828125, "search_avg": 0.002385814519998348, "search_p50": 0.0023792560000117646}, "annoy": {"build_time": 1.0644780540000056, "build_memory_mb": 67.1796875, "search_avg": 4.857229999970514e-05, "search_p50": 4.654700001083256e-05}}