{"timestamp": 1761181305.925189, "dataset": "medium", "config": {"N": 100000, "D": 128, "k": 20}, "repeats": 50, "rust_annie": {"build_time": 0.04829624399997101, "build_memory_mb": 56.76953125, "search_times": [0.005502814000010403, 0.005662457000028098, 0.0049852390000069136, 0.0044881179999833876, 0.004385051000042495, 0.004428056999984165, 0.004339426000001367, 0.00480074400002195, 0.004458483999997043, 0.0044097580000084236, 0.0043870889999766405, 0.0045554150000270965, 0.004461248999973577, 0.0045138879999626624, 0.004604187000040838, 0.004355516999964948, 0.004566855000007308, 0.004605723999986822, 0.004495272000042405, 0.004608458000006976, 0.0044818439999971815, 0.004598895000015091, 0.004718684000010853, 0.005243684999982179, 0.004996832000017548, 0.004635540000037963, 0.004527349999989383, 0.004566038000007211, 0.00442644900005007, 0.004440611000006811, 0.004524627000023429, 0.004642198999988523, 0.004589107000015247, 0.004470934000039506, 0.004547080999998343, 0.004563488999963283, 0.004577530000005936, 0.006334336000008989, 0.00597273400001086, 0.005998876000035125, 0.005899896000016724, 0.005948931999967044, 0.006857253000021046, 0.005572730000039883, 0.004375625999955446, 0.004545267999958469, 0.004589802999987569, 0.004619617000003018, 0.004616434000013214, 0.004466332999982114], "search_avg": 0.004819250700004432, "search_p50": 0.004572192500006622, "search_p95": 0.005987112100024205, "search_p99": 0.006601023670015137}, "sklearn": {"build_time": 0.004577229999995325, "build_memory_mb": 0.0, "search_avg": 0.007843553699995027, "search_p50": 0.006492195499987474}, "faiss": {"build_time": 0.015405621000013525, "build_memory_mb": 49.34375, "search_avg": 0.002656617499997083, "search_p50": 0.0025989769999910095}, "annoy": {"build_time": 0.9651340429999777, "build_memory_mb": 70.65625, "search_avg": 4.291877999548888e-05, "search_p50": 3.945049999742878e-05}}