{"timestamp": 1760965539.257142, "dataset": "small", "config": {"N": 10000, "D": 64, "k": 10}, "repeats": 50, "rust_annie": {"build_time": 0.0026592600000014954, "build_memory_mb": 3.01953125, "search_times": [0.0004995369999960531, 0.0003294869999876937, 0.0003245579999884285, 0.0003260109999985161, 0.00032082100000252467, 0.0003141880000043784, 0.0003322620000005827, 0.00031318599999963226, 0.00032833500000606364, 0.00032813400000009096, 0.0002864360000103261, 0.0003036690000044473, 0.0003176250000080927, 0.0003496250000125656, 0.000307636000002276, 0.00028835999998477746, 0.00046015099999863196, 0.00042181000000596214, 0.0004398430000094322, 0.0004591199999879336, 0.00046187300000610776, 0.0004389120000212188, 0.0004298869999956878, 0.0004411059999824829, 0.0004019029999824397, 0.0005356310000195208, 0.00041309400000955065, 0.0005342599999949016, 0.00041572800000722054, 0.00040546899998616937, 0.00030167500000288783, 0.00032324499997571365, 0.00030776699998114054, 0.00028357099998288504, 0.00039743700000371973, 0.00032679200000984565, 0.0002990899999986141, 0.00029826900001239665, 0.0003251290000036988, 0.00030649400000015703, 0.0002882999999940239, 0.0002931989999979123, 0.00031405900000436304, 0.00027939399998899717, 0.00028649600000107966, 0.0003225929999928212, 0.00033516700000291166, 0.0002910750000069129, 0.00031873699998641314, 0.0003108520000125736], "search_avg": 0.00035475995999945554, "search_p50": 0.00032484349999606366, "search_p95": 0.00048258820000057756, "search_p99": 0.0005349592100074574}, "sklearn": {"build_time": 0.0007309479999833002, "build_memory_mb": 0.0, "search_avg": 0.001606196760000671, "search_p50": 0.0005870794999935924}, "faiss": {"build_time": 0.0011588899999992464, "build_memory_mb": 2.2578125, "search_avg": 8.081360000062433e-05, "search_p50": 7.100250000746655e-05}, "annoy": {"build_time": 0.058879627999999684, "build_memory_mb": 7.7109375, "search_avg": 1.8050719999678224e-05, "search_p50": 1.677150000034544e-05}}