{"timestamp": 1754922441.076425, "dataset": "small", "config": {"N": 10000, "D": 64, "k": 10}, "repeats": 50, "rust_annie": {"build_time": 0.002896189000011873, "build_memory_mb": 3.375, "search_times": [0.0005594729999813808, 0.00036618199999338685, 0.0003225810000060392, 0.0003313880000064273, 0.00032059700001241254, 0.0003061999999829368, 0.0003455130000133977, 0.0003229820000001382, 0.00029460899997957313, 0.0003345529999876362, 0.00030410700000516044, 0.0002999090000059823, 0.00031077899998877, 0.00031113899999013483, 0.00032440399999700276, 0.0002933660000223881, 0.00031430600000703635, 0.0003161889999887535, 0.0003028540000116209, 0.0003318379999939225, 0.0003158389999953215, 0.0002976840000030734, 0.0003241640000055668, 0.00030168200001412515, 0.00028838700001188045, 0.0003035560000057558, 0.0003043469999965964, 0.0002890689999901497, 0.00030154199998833064, 0.00029098200002408703, 0.00028683400000772963, 0.00029819600001701474, 0.000298545999982025, 0.0002886579999881178, 0.00029239500000244334, 0.000327730999998721, 0.00030976700000451274, 0.0002864439999825663, 0.00029806599999915306, 0.0003486800000018775, 0.0003157079999880352, 0.0002969839999877877, 0.00030913599999848884, 0.00031300300000225434, 0.00030730200001016783, 0.0003335019999894939, 0.00029110200000559416, 0.0003171410000106789, 0.00030776300002344215, 0.00030910600000311206], "search_avg": 0.00031532570000024406, "search_p50": 0.0003084345000132771, "search_p95": 0.00034725485000706156, "search_p99": 0.00046476040998726337}, "sklearn": {"build_time": 0.0007348690000128499, "build_memory_mb": 0.0, "search_avg": 0.0010861677999974971, "search_p50": 0.0005908260000069276}, "faiss": {"build_time": 0.0011149670000065726, "build_memory_mb": 2.25, "search_avg": 8.461823999994067e-05, "search_p50": 8.10610000030465e-05}, "annoy": {"build_time": 0.061209440999988374, "build_memory_mb": 5.93359375, "search_avg": 1.6776299999605727e-05, "search_p50": 1.593949998834887e-05}}