{"timestamp": 1765866759.077668, "dataset": "medium", "config": {"N": 100000, "D": 128, "k": 20}, "repeats": 50, "rust_annie": {"build_time": 0.05080671199999642, "build_memory_mb": 58.02734375, "search_times": [0.005198220000011133, 0.004836484999998447, 0.004488274000038928, 0.00459070899995595, 0.004539273999967008, 0.004557710000028692, 0.004583400999990772, 0.004726602999994611, 0.004567004000023189, 0.0046670910000443655, 0.004617777999953887, 0.004445450999980949, 0.004407275000005484, 0.004463993999991089, 0.004555503999995381, 0.004403220000028796, 0.004397060000030706, 0.00440327299997989, 0.004639257000008001, 0.004618840000034652, 0.004697335000003022, 0.004544779999946513, 0.004356416999996782, 0.004487052999991192, 0.004631259999996473, 0.0046963639999830775, 0.004576081999971393, 0.004675603999999112, 0.00457393200002798, 0.004665891999991345, 0.004508290999979181, 0.005251866000037353, 0.004601046999994196, 0.004768662000003587, 0.004675713999972686, 0.004685257000005549, 0.004731285999980628, 0.004479423000020688, 0.004848930000036944, 0.004718280000020059, 0.004726954000034311, 0.00489943200000198, 0.004793118999998569, 0.0045738260000121045, 0.004746083999975781, 0.004833851000000777, 0.004657167999994272, 0.0045771559999820965, 0.0048707790000435125, 0.004792694000002484], "search_avg": 0.004647019220001312, "search_p50": 0.0046250500000155625, "search_p95": 0.00488653815002067, "search_p99": 0.005225579460024506}, "sklearn": {"build_time": 0.0052314719999912995, "build_memory_mb": 0.0, "search_avg": 0.009001997900003288, "search_p50": 0.008418807499992909}, "faiss": {"build_time": 0.015710639000019455, "build_memory_mb": 49.1640625, "search_avg": 0.0031473481999944397, "search_p50": 0.0031148224999810736}, "annoy": {"build_time": 0.95856416700002, "build_memory_mb": 67.921875, "search_avg": 4.3841660003636205e-05, "search_p50": 4.208149999840316e-05}}