{"timestamp": 1755306222.607672, "dataset": "small", "config": {"N": 10000, "D": 64, "k": 10}, "repeats": 50, "rust_annie": {"build_time": 0.0025460680000009006, "build_memory_mb": 3.39453125, "search_times": [0.00045894400000179303, 0.0002965219999992996, 0.0002864529999868637, 0.0003271989999973357, 0.0002854210000009516, 0.00028595199999870147, 0.0002828469999940353, 0.00031921500000464675, 0.0002967730000023039, 0.0003092449999968494, 0.00031278199999462686, 0.0002967919999861124, 0.0002998289999993631, 0.00031940499999905114, 0.00032832099999779985, 0.00030983700000319914, 0.00031782199999952354, 0.00031490599999983715, 0.00029529900000113685, 0.00030684299998995357, 0.0003101469999933215, 0.00028113300000143226, 0.00029915700000060497, 0.0002900500000038164, 0.0002710950000022194, 0.0002802420000023176, 0.0003281910000083599, 0.0002938370000009627, 0.00028897800000038387, 0.0002887670000006892, 0.00032035600000313025, 0.0002750120000030165, 0.00028391800000804324, 0.0003069320000008702, 0.00030199200000424753, 0.000302453000003311, 0.00028238499999133637, 0.000291642999997066, 0.0002947790000007444, 0.00031108899999310324, 0.0002991070000035734, 0.00029113200000097095, 0.00028562100000328883, 0.0003241729999956533, 0.00029169300000830845, 0.0002938169999993079, 0.00028091200000801564, 0.00032958399999927224, 0.00028758499999526066, 0.00031471600000543276], "search_avg": 0.0003030180599998289, "search_p50": 0.00029678249999420814, "search_p95": 0.00032826250000255185, "search_p99": 0.0003955576000005576}, "sklearn": {"build_time": 0.0005506250000024693, "build_memory_mb": 0.0, "search_avg": 0.001038273320001224, "search_p50": 0.0005704715000049987}, "faiss": {"build_time": 0.0010630100000099674, "build_memory_mb": 2.2578125, "search_avg": 7.315940000069077e-05, "search_p50": 7.00705000014068e-05}, "annoy": {"build_time": 0.05963109099999997, "build_memory_mb": 7.3046875, "search_avg": 1.623977999940962e-05, "search_p50": 1.6029000001083205e-05}}