{"timestamp": 1767748188.554252, "dataset": "small", "config": {"N": 10000, "D": 64, "k": 10}, "repeats": 50, "rust_annie": {"build_time": 0.002548003000015342, "build_memory_mb": 3.25, "search_times": [0.000613681999993787, 0.0005311479999932089, 0.0004377249999834021, 0.00044587200000023586, 0.00043486900000289097, 0.0007680289999996148, 0.00044896099998936734, 0.0004572199999870463, 0.000524254999987761, 0.0004071769999995922, 0.000477439000007962, 0.0004682109999976092, 0.0004519409999943491, 0.00047146700001121644, 0.0004680110000094828, 0.0003774829999940721, 0.0005014330000108203, 0.00042090299999131275, 0.00046367199999508557, 0.0004139810000083344, 0.0004468410000129097, 0.0004927070000064759, 0.0005456750000121247, 0.00042047299999126153, 0.0005110510000179147, 0.00039340200001447556, 0.0004429640000012114, 0.0003901159999770698, 0.00048015400000167574, 0.0003912690000049679, 0.0004780190000133189, 0.00040091600001801453, 0.00028634299999907853, 0.00030808400001092195, 0.0003032850000010967, 0.0002989559999946323, 0.00028620300000170573, 0.00033460299999887866, 0.00027622300001439726, 0.0003190740000036385, 0.0003000579999934416, 0.000287564999979395, 0.0002881259999867325, 0.0002969530000029863, 0.0002777859999980592, 0.0002961109999830569, 0.00029496899998093795, 0.0003149960000143892, 0.00032728899998346606, 0.00030769300002475575], "search_avg": 0.0004076276600000028, "search_p50": 0.00041722699999979795, "search_p95": 0.0005391378500036125, "search_p99": 0.0006923989699967589}, "sklearn": {"build_time": 0.0006590159999859679, "build_memory_mb": 0.0, "search_avg": 0.001123586220001016, "search_p50": 0.000577916000011669}, "faiss": {"build_time": 0.0012001039999915974, "build_memory_mb": 2.25390625, "search_avg": 8.600699999760763e-05, "search_p50": 7.729349999863189e-05}, "annoy": {"build_time": 0.05913818200002652, "build_memory_mb": 6.0, "search_avg": 1.8424480001044685e-05, "search_p50": 1.7161999991799348e-05}}