{"timestamp": 1755360069.272254, "dataset": "small", "config": {"N": 10000, "D": 64, "k": 10}, "repeats": 50, "rust_annie": {"build_time": 0.0024627319999979136, "build_memory_mb": 3.125, "search_times": [0.00043288800000595984, 0.00028044399999771485, 0.0003223429999934524, 0.0002944999999954234, 0.00030017000000270855, 0.0002931580000051781, 0.00030538000001456567, 0.00030523000000926004, 0.00031199299999684627, 0.0003111910000086482, 0.0002847619999784001, 0.0002898820000041269, 0.000309788000009803, 0.00030945899999323956, 0.0003112709999868457, 0.0003056810000146015, 0.0002906140000220603, 0.00029655399998773646, 0.00030179399999497036, 0.00030298600000833176, 0.0003091179999898941, 0.00028688599999782127, 0.0003022649999877558, 0.0003047589999880529, 0.0003088470000136567, 0.0003069839999909618, 0.00032215199999541255, 0.0003028659999984029, 0.0003254080000090198, 0.00028487299999824245, 0.0002869260000011309, 0.0002815859999998338, 0.0003029359999970893, 0.0002851719999910074, 0.00030776399998444504, 0.0003047989999913625, 0.000296082999994951, 0.0003039480000097683, 0.0002812660000017786, 0.00030629300002260607, 0.0002989989999946374, 0.00028912000001923843, 0.000307966000008264, 0.0002826779999907103, 0.0003169919999947979, 0.0003237449999744513, 0.00029243599999517755, 0.00027519400001096983, 0.00028740700000184916, 0.00028976100000477345], "search_avg": 0.00030270633999975873, "search_p50": 0.0003029009999977461, "search_p95": 0.0003231140999830018, "search_p99": 0.00038022280000745903}, "sklearn": {"build_time": 0.000606443000009449, "build_memory_mb": 0.0, "search_avg": 0.0010330602399989176, "search_p50": 0.0005597715000078551}, "faiss": {"build_time": 0.0011122489999877416, "build_memory_mb": 2.37890625, "search_avg": 7.679826000071443e-05, "search_p50": 7.433849999927133e-05}, "annoy": {"build_time": 0.060083751000007624, "build_memory_mb": 7.8515625, "search_avg": 1.6392480000035902e-05, "search_p50": 1.565399999492456e-05}}