{"timestamp": 1763239506.433502, "dataset": "medium", "config": {"N": 100000, "D": 128, "k": 20}, "repeats": 50, "rust_annie": {"build_time": 0.051839555000015025, "build_memory_mb": 56.890625, "search_times": [0.004843276000002561, 0.004536123000008274, 0.0037884479999945597, 0.0037797120000107043, 0.003718647999988889, 0.0037336860000038996, 0.0037399880000066332, 0.003903120999979137, 0.0037645440000062536, 0.003789549999993369, 0.0038120520000006763, 0.003876091000023507, 0.003793467000008377, 0.003814156000004232, 0.0038097870000228795, 0.0038653219999957855, 0.003814527000002954, 0.0037559769999973014, 0.0037953199999947174, 0.003837560000022222, 0.003908150999990312, 0.0041153479999991305, 0.004054985000010447, 0.004074040999995532, 0.004030188999990969, 0.0039945129999807705, 0.004052369999982375, 0.004038603999987345, 0.004008347999985062, 0.004134913999990886, 0.0040807830000062495, 0.004037061000019548, 0.003970919000011008, 0.0039462819999869225, 0.004136617000000342, 0.003864399000008234, 0.0038398040000231504, 0.00380845600000157, 0.003815578999990521, 0.003862144999999373, 0.0038079140000206735, 0.0038023429999896052, 0.003938128000015695, 0.004091954000017495, 0.003956281000000672, 0.003976588999989872, 0.003964487000018835, 0.004039116000001286, 0.003996575999991592, 0.004016442999983383], "search_avg": 0.003942693880001116, "search_p50": 0.0039056359999847245, "search_p95": 0.004135850649996086, "search_p99": 0.004692771030005359}, "sklearn": {"build_time": 0.0033952100000078644, "build_memory_mb": 0.0, "search_avg": 0.00786046575999876, "search_p50": 0.007180427999998074}, "faiss": {"build_time": 0.007962456000001339, "build_memory_mb": 49.3671875, "search_avg": 0.0022611836199973824, "search_p50": 0.0022677384999951755}, "annoy": {"build_time": 1.0422434460000147, "build_memory_mb": 70.16015625, "search_avg": 4.5295859997622756e-05, "search_p50": 4.459749999341511e-05}}