{"timestamp": 1763860334.495947, "dataset": "medium", "config": {"N": 100000, "D": 128, "k": 20}, "repeats": 50, "rust_annie": {"build_time": 0.05176991399991948, "build_memory_mb": 57.9765625, "search_times": [0.004760422000003928, 0.004400370000098519, 0.003780762000019422, 0.003799226999944949, 0.0037129860000959525, 0.003731690999984494, 0.003832909999914591, 0.00382256000000325, 0.003753532000018822, 0.003805408999937754, 0.0038041060000750804, 0.0038009400000191818, 0.0037580989999241865, 0.003826937999974689, 0.003780882000000929, 0.0037318219999633584, 0.0038297940000120434, 0.0037505459999920276, 0.0037422699999751785, 0.004020029000002978, 0.004014650999920377, 0.003776033000008283, 0.003933398000071975, 0.003958695000051193, 0.004004370000075141, 0.003995354000039697, 0.004010681999943699, 0.004026621999969393, 0.0040032979999296, 0.00400704499998028, 0.004041618999963248, 0.003964925999980551, 0.003977689999942413, 0.003971539000076518, 0.003999550999992607, 0.004018585999915558, 0.004083397000044897, 0.003943046000017603, 0.003952373000061016, 0.004026480999982596, 0.0040438639999820225, 0.004087094000055913, 0.003958064000016748, 0.004007635999982995, 0.003958494000016799, 0.003927645999965534, 0.004076725000004444, 0.004007586000057017, 0.0039744539999446715, 0.0039276769999787575], "search_avg": 0.003942477819998657, "search_p50": 0.003958594500033996, "search_p95": 0.004085430350050956, "search_p99": 0.004583996520050277}, "sklearn": {"build_time": 0.0034765840000545722, "build_memory_mb": 0.0, "search_avg": 0.008324869619996208, "search_p50": 0.007052012499968896}, "faiss": {"build_time": 0.007816430000048058, "build_memory_mb": 49.33984375, "search_avg": 0.0023024467000072944, "search_p50": 0.002282473499974458}, "annoy": {"build_time": 1.0581724730000133, "build_memory_mb": 67.6171875, "search_avg": 4.593661999933829e-05, "search_p50": 4.479400001855538e-05}}