{"timestamp": 1755361531.414876, "dataset": "small", "config": {"N": 10000, "D": 64, "k": 10}, "repeats": 50, "rust_annie": {"build_time": 0.002391148000015164, "build_memory_mb": 3.26953125, "search_times": [0.0004237660000399046, 0.00030481199996756914, 0.0003151220000745525, 0.0002922689998285932, 0.00029599599997709447, 0.00034799400009433157, 0.0002976389998821105, 0.00028619800013984786, 0.0002793950000068435, 0.00033258500002375513, 0.000297288000183471, 0.00029832999985046627, 0.0003175459999056329, 0.0003036610000890505, 0.00031314800003201526, 0.0003126270000848308, 0.00031083400017450913, 0.0003027889999884792, 0.00029909200020483695, 0.0002992919999087462, 0.0002900140000292595, 0.0002824309999596153, 0.0003191589999005373, 0.0002930900000137626, 0.00028582699997059535, 0.00029715900018345565, 0.00028687899998658395, 0.00030791899985160853, 0.00028306100011832314, 0.00029683699995075585, 0.0002856270000393124, 0.00028777099987564725, 0.0003207620000011957, 0.00029252900003484683, 0.0003061049999359966, 0.00029859999995096587, 0.0003104239999629499, 0.00029831999995622027, 0.00028406299998096074, 0.00031880899996394874, 0.00029717799998252303, 0.00028566700007104373, 0.0003210429999853659, 0.000301387000035902, 0.00029058599989184586, 0.0003199210000275343, 0.00030204699987734784, 0.0002893230000609037, 0.0003137790001801477, 0.00029236899990792153], "search_avg": 0.00030378138000287437, "search_p50": 0.00029846499990071607, "search_p95": 0.00032739110000647994, "search_p99": 0.00038663772006657365}, "sklearn": {"build_time": 0.0005715340000733704, "build_memory_mb": 0.0, "search_avg": 0.0010843845200179203, "search_p50": 0.0005795734999765045}, "faiss": {"build_time": 0.001051284999903146, "build_memory_mb": 2.3046875, "search_avg": 7.198965998668427e-05, "search_p50": 7.017199993697432e-05}, "annoy": {"build_time": 0.064241992999996, "build_memory_mb": 7.875, "search_avg": 1.646701997742639e-05, "search_p50": 1.552399999127374e-05}}