{"timestamp": 1755651706.87965, "dataset": "small", "config": {"N": 10000, "D": 64, "k": 10}, "repeats": 50, "rust_annie": {"build_time": 0.0025014029999965715, "build_memory_mb": 3.375, "search_times": [0.0004305120000083207, 0.000333411000013939, 0.00032967500001745975, 0.0003140060000248468, 0.0003318830000011985, 0.00031637999998679334, 0.0003467459999910716, 0.00031174100001862826, 0.0003414459999930841, 0.0003151070000058098, 0.00032032699999717806, 0.00032782099998485137, 0.00030467799999200906, 0.0002923549999991337, 0.0003128530000253704, 0.00033319099998152524, 0.00032763100000465784, 0.0003163000000085958, 0.00030769400001418035, 0.00029418900001587645, 0.00031086000001323555, 0.00030731300000752526, 0.0003188249999936943, 0.00034121600000958097, 0.00032278199998359014, 0.00030657199999950535, 0.0003147070000011354, 0.0003280710000126419, 0.0002980360000037763, 0.00031051899998146837, 0.00029158300000631243, 0.0003045480000025691, 0.00029592099997444166, 0.00031444700002225545, 0.00030565000000137843, 0.0003192849999891223, 0.0003037060000110614, 0.000321248999995305, 0.0002945690000046852, 0.0003063810000014655, 0.0002986069999906249, 0.00031448199999317694, 0.000319705999999087, 0.0002898809999862806, 0.000289530000003424, 0.0002936480000244046, 0.0003132740000069134, 0.0002902119999816932, 0.0003217100000085793, 0.00030681199999094133], "search_avg": 0.0003152409600016881, "search_p50": 0.0003136400000158801, "search_p95": 0.0003413425000005077, "search_p99": 0.00038946665999986844}, "sklearn": {"build_time": 0.0006499609999934819, "build_memory_mb": 0.0, "search_avg": 0.0010472319599995217, "search_p50": 0.0005828309999884596}, "faiss": {"build_time": 0.0010819869999920684, "build_memory_mb": 2.375, "search_avg": 7.551462000037645e-05, "search_p50": 7.084699998927135e-05}, "annoy": {"build_time": 0.06088041799998223, "build_memory_mb": 6.0, "search_avg": 1.8670119998205338e-05, "search_p50": 1.7918000011718505e-05}}