{"timestamp": 1766192611.906602, "dataset": "medium", "config": {"N": 100000, "D": 128, "k": 20}, "repeats": 50, "rust_annie": {"build_time": 0.05075252200003888, "build_memory_mb": 57.96875, "search_times": [0.005394247999959134, 0.004855265999992753, 0.00442096000000447, 0.004404077999993206, 0.004375624999966021, 0.004421150999974088, 0.004425246999971932, 0.004642708999995193, 0.004380808999997043, 0.004486967999980607, 0.00435711000000083, 0.004434880000019348, 0.004499492000036298, 0.004380277999985083, 0.004363951000016186, 0.004383291999999983, 0.00458133199998656, 0.0048270329999695605, 0.005012472999965212, 0.0048525280000149, 0.004597070000045278, 0.0046755370000255425, 0.004580311000040638, 0.004430743000000348, 0.004622908999976971, 0.004659223000032853, 0.004395900000019992, 0.0044705140000473875, 0.0045562689999769646, 0.004456550999975661, 0.004373829000030582, 0.004532279999978073, 0.004618826000012177, 0.0044474349999745755, 0.004533788999992794, 0.004440909000038573, 0.0046471169999904305, 0.004634592000002158, 0.004618814000025395, 0.0055272719999948094, 0.004662160999998832, 0.0045611059999828285, 0.0044225359999927605, 0.004408633000025475, 0.0046638430000029985, 0.004623457000036524, 0.004555932000016583, 0.00449434500001189, 0.004607069999963187, 0.004584153999985574], "search_avg": 0.004578051140000526, "search_p50": 0.004544860500004688, "search_p95": 0.0049417298499776045, "search_p99": 0.005462090239977328}, "sklearn": {"build_time": 0.0046626510000464805, "build_memory_mb": 0.0, "search_avg": 0.009089992260001054, "search_p50": 0.008434227500003999}, "faiss": {"build_time": 0.015326738999988265, "build_memory_mb": 49.25, "search_avg": 0.0030186187200013136, "search_p50": 0.003005906499993216}, "annoy": {"build_time": 0.9567970290000289, "build_memory_mb": 66.9609375, "search_avg": 4.3250539998780365e-05, "search_p50": 4.113350001944127e-05}}