{"timestamp": 1762650378.94176, "dataset": "small", "config": {"N": 10000, "D": 64, "k": 10}, "repeats": 50, "rust_annie": {"build_time": 0.0024911920000079135, "build_memory_mb": 3.125, "search_times": [0.0007071790000026112, 0.00041544099998702677, 0.00044364600000790233, 0.0007202240000054871, 0.0007300630000059982, 0.0006732249999998885, 0.0005597420000071907, 0.0007148340000071585, 0.0007924989999992249, 0.0008291179999986298, 0.0008442060000106721, 0.0005250770000060356, 0.0004215320000042766, 0.0005110700000017232, 0.0004447960000106832, 0.00043139000000280703, 0.000489178999998785, 0.0004609159999944268, 0.0004336749999964695, 0.0004528110000023844, 0.0004146889999958603, 0.00048071399999116693, 0.00039286800000581934, 0.0004381829999999809, 0.0005187050000046156, 0.0004214719999993122, 0.0005158390000019608, 0.00041610199998842745, 0.0004607460000016772, 0.00041414899999381305, 0.00047864999999092106, 0.0004140390000060279, 0.0005683079999982965, 0.00046680699999512854, 0.0004889190000056942, 0.0004485029999869994, 0.0004332540000007157, 0.00047841900000378246, 0.0004152400000094758, 0.00047776799999610375, 0.00041600199999436427, 0.000489469999990888, 0.000414207999995142, 0.00046165800000608215, 0.0004031880000070487, 0.0004337749999905327, 0.00041821599999991577, 0.00043190200000253753, 0.0003516210000071851, 0.0004177250000054755], "search_avg": 0.0004996352400004866, "search_p50": 0.0004567785000020308, "search_p95": 0.0007644028000022727, "search_p99": 0.0008368128800047713}, "sklearn": {"build_time": 0.0006056579999977885, "build_memory_mb": 0.0, "search_avg": 0.0012467947000004641, "search_p50": 0.000559907500004897}, "faiss": {"build_time": 0.001092722999999296, "build_memory_mb": 2.3828125, "search_avg": 7.677080000007664e-05, "search_p50": 7.12490000012167e-05}, "annoy": {"build_time": 0.058374391999990394, "build_memory_mb": 5.625, "search_avg": 1.5737179999462115e-05, "search_p50": 1.5148999992220524e-05}}