{"timestamp": 1755566032.309694, "dataset": "small", "config": {"N": 10000, "D": 64, "k": 10}, "repeats": 50, "rust_annie": {"build_time": 0.0028908399999920675, "build_memory_mb": 3.25, "search_times": [0.000480037999977867, 0.00030278700000963, 0.00028413100000079794, 0.0003521390000003066, 0.00030301699999313314, 0.00029724600000236023, 0.0003768450000052326, 0.00035211799999501636, 0.00033132000001501183, 0.00035495500000592983, 0.0003176239999902464, 0.00031416699999908815, 0.00033217200001445235, 0.0003045480000025691, 0.0002926870000123927, 0.00034434400001259746, 0.0003262399999925947, 0.00030200499998045416, 0.00030752500001085536, 0.0003116530000113471, 0.0002822190000131286, 0.000304900000003272, 0.00033245200000919795, 0.00029388000001517867, 0.0003134060000036243, 0.0003161219999867626, 0.0002979080000216072, 0.00028803899999729765, 0.00031757400000742564, 0.00030920800000444615, 0.00028708700000379395, 0.0002887199999861423, 0.0003294459999949595, 0.00031621100001189006, 0.0003088480000030813, 0.0003167120000000523, 0.0003195980000043619, 0.0003155199999866909, 0.0003318499999807045, 0.0002978670000004513, 0.0002885090000006585, 0.00030924899999718036, 0.0002859549999811861, 0.00029609399999230845, 0.0003272619999847848, 0.0003251280000142742, 0.00031504000000381893, 0.00030903799998327486, 0.0003302890000043135, 0.00030383799997935057], "search_avg": 0.000316910600000142, "search_p50": 0.0003125295000074857, "search_p95": 0.0003536878000033994, "search_p99": 0.0004294734299912759}, "sklearn": {"build_time": 0.0006790509999916594, "build_memory_mb": 0.0, "search_avg": 0.0011064086600003976, "search_p50": 0.0005852599999940367}, "faiss": {"build_time": 0.0010804409999991549, "build_memory_mb": 2.25, "search_avg": 7.934325999940483e-05, "search_p50": 7.54360000030374e-05}, "annoy": {"build_time": 0.061041985000002796, "build_memory_mb": 6.15234375, "search_avg": 1.674791999789704e-05, "search_p50": 1.609999999629963e-05}}