{"timestamp": 1764291714.887472, "dataset": "small", "config": {"N": 10000, "D": 64, "k": 10}, "repeats": 50, "rust_annie": {"build_time": 0.00253782799998703, "build_memory_mb": 3.14453125, "search_times": [0.0004877750000105152, 0.00040936000002034234, 0.0004098109999972621, 0.0003574110000101882, 0.0003115750000119988, 0.000318721000013511, 0.0002838369999835777, 0.00032780600000137383, 0.0003476910000017597, 0.00033481100001608866, 0.00035502899999073634, 0.00034897700001579324, 0.00030225099999370286, 0.0003247730000168758, 0.00032060499998465275, 0.0002922820000037518, 0.0003173479999816209, 0.0002874840000117729, 0.00030723899999429705, 0.00029770300000109273, 0.0002974819999792544, 0.0003264549999926203, 0.0003012790000127552, 0.00031755000000543987, 0.0003084520000129487, 0.0003311650000057398, 0.00029187100000171995, 0.000311517999989519, 0.000294807000017272, 0.0003632840000022952, 0.0003303230000142321, 0.00030610800001795724, 0.0003216759999986607, 0.0003100649999794314, 0.00034212500000307955, 0.0003173179999862441, 0.00028923700000405006, 0.00033326900000929527, 0.0002975120000030529, 0.000315946000000622, 0.0003336999999987711, 0.000300057000004017, 0.0003062080000120204, 0.00033143499999255255, 0.00031802999998831183, 0.00029493799999613657, 0.0003440079999847967, 0.00029362500001184344, 0.0002889360000040142, 0.0003158369999880506], "search_avg": 0.00032353410000155234, "search_p50": 0.0003173329999839325, "search_p95": 0.000388625800012221, "search_p99": 0.00044957264000402105}, "sklearn": {"build_time": 0.0006530210000050829, "build_memory_mb": 0.0, "search_avg": 0.001335371579999105, "search_p50": 0.0005787535000081334}, "faiss": {"build_time": 0.0011037380000118446, "build_memory_mb": 2.30859375, "search_avg": 8.060974000045462e-05, "search_p50": 7.363650000513644e-05}, "annoy": {"build_time": 0.05918754600000398, "build_memory_mb": 6.05859375, "search_avg": 1.8503320000036183e-05, "search_p50": 1.720699999907538e-05}}