{"timestamp": 1755894241.215036, "dataset": "small", "config": {"N": 10000, "D": 64, "k": 10}, "repeats": 50, "rust_annie": {"build_time": 0.0024319939999912776, "build_memory_mb": 3.25, "search_times": [0.00041872200000625526, 0.00028903000000468637, 0.0003481500000077631, 0.0003172520000020995, 0.0003168820000070127, 0.00031418700000074296, 0.00030247499999802585, 0.00032110700000487213, 0.0003154390000048579, 0.00031558900001016355, 0.00032377400000882517, 0.00032927499999857446, 0.00030319699999381555, 0.0003231040000031271, 0.0003143379999954732, 0.0003249869999990551, 0.00030599099999051305, 0.00029833700000381214, 0.0003327809999973397, 0.000307012999996914, 0.0003017029999909937, 0.00031475800000180243, 0.00030197400000986363, 0.00030489999998906114, 0.0003113420000033784, 0.0003268410000032418, 0.00031999800000903633, 0.0003200379999981351, 0.0003150840000074595, 0.0003090670000034379, 0.00032828300000176114, 0.00043508200000985653, 0.0003092179999981681, 0.0003487209999946117, 0.00033735999998896204, 0.000303826999996204, 0.00034951300000329866, 0.00029678500000329677, 0.00031799399999954403, 0.00030810500000200136, 0.0003020839999976488, 0.0002943800000139163, 0.0002981669999968517, 0.0003078649999963545, 0.0003187949999983175, 0.00029933899999434743, 0.0003025550000046451, 0.0002962840000009237, 0.00031147200000702924, 0.0003234539999965591], "search_avg": 0.00031873236000109275, "search_p50": 0.0003145479999986378, "search_p95": 0.0003491565999993895, "search_p99": 0.0004270656000080919}, "sklearn": {"build_time": 0.0006122839999989083, "build_memory_mb": 0.0, "search_avg": 0.0010496934400003966, "search_p50": 0.0005778089999921576}, "faiss": {"build_time": 0.001072061999991547, "build_memory_mb": 2.2578125, "search_avg": 7.785188000070776e-05, "search_p50": 7.347700000082114e-05}, "annoy": {"build_time": 0.06050090000000807, "build_memory_mb": 7.49609375, "search_avg": 1.609035999962316e-05, "search_p50": 1.5097999998658906e-05}}