{"timestamp": 1754413262.063683, "dataset": "small", "config": {"N": 10000, "D": 64, "k": 10}, "repeats": 50, "rust_annie": {"build_time": 0.002409863000025325, "build_memory_mb": 3.25, "search_times": [0.00048195099998338264, 0.0006577460000016799, 0.0005720770000152697, 0.0002859370000010131, 0.00035390400000778754, 0.0006681650000359696, 0.0006640469999865672, 0.0006850160000340111, 0.0006440799999722913, 0.000728385000002163, 0.0005047320000244326, 0.0004909570000108943, 0.0004181730000141215, 0.0006960759999969923, 0.0007480620000137606, 0.00029887199997347125, 0.0003500870000152645, 0.0007721570000285283, 0.00033367700001463163, 0.0006609920000073544, 0.000678955000012138, 0.0004712499999754982, 0.00041467599999123195, 0.0002956860000153938, 0.00033664200003613587, 0.000348513999995248, 0.0003450579999935144, 0.00032738499999140913, 0.00030667699996911324, 0.00032393900005445175, 0.00035000599996237725, 0.0003264229999899726, 0.00029791100001830273, 0.00032144400000788664, 0.00032288699998161974, 0.0003144610000163084, 0.00033140199997205855, 0.00032228500003839144, 0.00031142500000669315, 0.0003321940000091672, 0.0003090810000117017, 0.00030973200000516954, 0.0003230169999710597, 0.0002987529999813887, 0.000304412999980741, 0.0002993539999920358, 0.0003230169999710597, 0.0003052529999649778, 0.00030629499997303355, 0.0003432650000263493], "search_avg": 0.0004243298600010803, "search_p50": 0.00033515950002538375, "search_p95": 0.0007138459499998361, "search_p99": 0.0007603504500212921}, "sklearn": {"build_time": 0.0006710099999622798, "build_memory_mb": 0.0, "search_avg": 0.001402635420004117, "search_p50": 0.0009426420000124835}, "faiss": {"build_time": 0.0011319519999801742, "build_memory_mb": 2.25, "search_avg": 8.453241999859529e-05, "search_p50": 7.281999998554056e-05}, "annoy": {"build_time": 0.06109057000003304, "build_memory_mb": 5.875, "search_avg": 2.052285999866399e-05, "search_p50": 1.889949999167584e-05}}