{"timestamp": 1764378143.274849, "dataset": "small", "config": {"N": 10000, "D": 64, "k": 10}, "repeats": 50, "rust_annie": {"build_time": 0.002550564999978633, "build_memory_mb": 3.14453125, "search_times": [0.000425953999979356, 0.00035734700000489283, 0.000300990999988926, 0.0002839489999928446, 0.00032618800000250303, 0.00028205600000319464, 0.0002953009999941969, 0.00028839699999139157, 0.0003058499999895048, 0.00031628000002115186, 0.00031153000000472275, 0.0003016029999969305, 0.0003023339999970176, 0.00030192299999498573, 0.0003209280000078252, 0.0002896000000021104, 0.0003099379999866869, 0.00032879299999422074, 0.0003230130000133613, 0.0002999089999775606, 0.0003441920000000209, 0.00031255299998633745, 0.00032728100001122584, 0.0002940389999821491, 0.0003016230000127962, 0.00028336799999806317, 0.0002848610000114604, 0.00032461500001090826, 0.0002863630000149442, 0.00028972999999155036, 0.00034106600000427534, 0.00029749400002287985, 0.00031947600001558385, 0.0002837289999888526, 0.00033122700000376426, 0.00031750200000146833, 0.00032478500000365784, 0.0003336309999895093, 0.0003069429999982276, 0.000301633000020729, 0.00033163899999522073, 0.00031206200000610806, 0.00030122199999027544, 0.0003246349999983522, 0.00030544899999540576, 0.0003060610000034103, 0.00032753099998217294, 0.00030735299998241317, 0.0003088759999911872, 0.0003242749999969874], "search_avg": 0.0003125419599990664, "search_p50": 0.0003081144999868002, "search_p95": 0.0003427853000019354, "search_p99": 0.00039233656999186894}, "sklearn": {"build_time": 0.0005964819999917381, "build_memory_mb": 0.0, "search_avg": 0.0012612176399966302, "search_p50": 0.0005794304999824362}, "faiss": {"build_time": 0.0010440759999994498, "build_memory_mb": 2.375, "search_avg": 7.655850000048758e-05, "search_p50": 7.38325000071427e-05}, "annoy": {"build_time": 0.058619416999988516, "build_memory_mb": 6.046875, "search_avg": 1.629497999772411e-05, "search_p50": 1.536850000150025e-05}}