{"timestamp": 1766452038.214125, "dataset": "medium", "config": {"N": 100000, "D": 128, "k": 20}, "repeats": 50, "rust_annie": {"build_time": 0.052450874999976804, "build_memory_mb": 56.625, "search_times": [0.004751041999952577, 0.004307945999926233, 0.0037473419999969337, 0.003731750000042666, 0.00376356200013106, 0.0037412809999750607, 0.0036665820000507665, 0.0036812920000102167, 0.0036665610000454762, 0.0036823100001583953, 0.003649600000017017, 0.0036671219997970184, 0.003724119000025894, 0.0036365160001423646, 0.0036472050001066236, 0.003638860000137356, 0.003652866000038557, 0.0036725330000990652, 0.003695025000070018, 0.003709221000008256, 0.003683954000052836, 0.0036918079999850306, 0.003683891000036965, 0.003645643000027121, 0.003881103999901825, 0.0039474239999890415, 0.003905704000089827, 0.004011283999943771, 0.003924124999912237, 0.003928760000007969, 0.0041765989999476005, 0.003855513999951654, 0.003727315000105591, 0.003712898000003406, 0.0036716309998610086, 0.003748825000002398, 0.003670741999940219, 0.0037041019998014235, 0.0036776730000838143, 0.0036726229998294, 0.0036485579998952744, 0.0037434220000704954, 0.0036674330001460476, 0.003852490999861402, 0.003709651000008307, 0.0037231070000416366, 0.003732243999820639, 0.0037517900000239024, 0.003699318999906609, 0.0037326039998788474], "search_avg": 0.003772299459997157, "search_p50": 0.0037094360000082816, "search_p95": 0.004102207249945877, "search_p99": 0.004533924959939667}, "sklearn": {"build_time": 0.003496163999898272, "build_memory_mb": 0.0, "search_avg": 0.008060601279971706, "search_p50": 0.007170494499973756}, "faiss": {"build_time": 0.008352221999984977, "build_memory_mb": 49.2421875, "search_avg": 0.0022715635200165705, "search_p50": 0.002264344000082019}, "annoy": {"build_time": 1.0609056759999476, "build_memory_mb": 66.703125, "search_avg": 4.517949998444237e-05, "search_p50": 4.5088499859957665e-05}}