{"timestamp": 1754788559.179917, "dataset": "small", "config": {"N": 10000, "D": 64, "k": 10}, "repeats": 50, "rust_annie": {"build_time": 0.0029982050000398885, "build_memory_mb": 3.25, "search_times": [0.0004606960000046456, 0.0003104140000118605, 0.0003102530000091974, 0.00033351700000139317, 0.00029560500001934997, 0.00027928500003326917, 0.0002742649999731839, 0.00032686700001249847, 0.0002858370000353716, 0.0002903360000345856, 0.00032284600001730723, 0.0002926300000467563, 0.00027784200000269266, 0.0003060650000179521, 0.0002812690000268958, 0.00028213999996751227, 0.00028293100001519633, 0.00034004899998762994, 0.00031215699999620483, 0.0002877310000144462, 0.0003005650000318383, 0.00026563900001974616, 0.0002601990000243859, 0.00031124499997758903, 0.0002950850000047467, 0.000302928999985852, 0.0002849560000299789, 0.0003084499999772561, 0.00028374300001132724, 0.00027889399996183784, 0.00031083400000397887, 0.0002856170000313796, 0.0002853560000062316, 0.00027552799997465627, 0.0003016670000306476, 0.0002972679999970751, 0.0002990919999774633, 0.00029690799999571027, 0.00027663999998139843, 0.0002924790000520261, 0.0003114049999908275, 0.00030231800002411546, 0.0002754270000195902, 0.00028487500003393507, 0.0003173869999955059, 0.0002753679999614178, 0.0002723719999835339, 0.0002922790000070563, 0.00029584599997178884, 0.00029197899999644505], "search_avg": 0.0002977017000057458, "search_p50": 0.0002925545000493912, "search_p95": 0.0003305245000063905, "search_p99": 0.0004015789699963077}, "sklearn": {"build_time": 0.0005804109999871798, "build_memory_mb": 0.0, "search_avg": 0.0010480052400032491, "search_p50": 0.0005787974999975631}, "faiss": {"build_time": 0.001044562999993559, "build_memory_mb": 2.30859375, "search_avg": 7.290425999713079e-05, "search_p50": 7.03719999819441e-05}, "annoy": {"build_time": 0.06046321599995963, "build_memory_mb": 5.875, "search_avg": 1.5904460001365804e-05, "search_p50": 1.5249000000494561e-05}}