{"timestamp": 1764551784.099216, "dataset": "medium", "config": {"N": 100000, "D": 128, "k": 20}, "repeats": 50, "rust_annie": {"build_time": 0.05184741200000076, "build_memory_mb": 58.09375, "search_times": [0.0047671680000007655, 0.00437790300000529, 0.0037484309999911147, 0.003676757000022235, 0.003783615999992662, 0.003756736000013916, 0.003712062999994714, 0.003749271999993198, 0.0037462159999961386, 0.0037573980000047413, 0.0037656829999832553, 0.0037453550000066116, 0.0038569820000020627, 0.0037634480000008352, 0.0037804999999764277, 0.0038287300000092728, 0.0038633340000160388, 0.0037715439999885803, 0.00398891800000456, 0.0040137350000009064, 0.0038270260000103917, 0.003817178000019794, 0.003763028000008717, 0.0037731310000026497, 0.003911143999999922, 0.004284568000002764, 0.0038122699999973975, 0.003810506000007763, 0.0038974080000002687, 0.00386884499999951, 0.003999407000009114, 0.0038302930000213564, 0.003931902000005039, 0.003805677000002561, 0.0038020100000153434, 0.0038018099999987953, 0.003829340999999431, 0.003806668999999374, 0.003794815999981438, 0.003830152999995562, 0.003851873000002115, 0.003821587000004456, 0.0038633540000034827, 0.004026277999997774, 0.004127436000004536, 0.004091639999984409, 0.003993385999990551, 0.0039967219999823556, 0.004055221999976766, 0.004236909999974614], "search_avg": 0.0038943075800000316, "search_p50": 0.0038278780000098322, "search_p95": 0.004263121899990096, "search_p99": 0.004576428150002982}, "sklearn": {"build_time": 0.0033164759999806392, "build_memory_mb": 0.0, "search_avg": 0.007679996659999233, "search_p50": 0.006834322000003112}, "faiss": {"build_time": 0.007729683999997405, "build_memory_mb": 49.39453125, "search_avg": 0.002220513919997984, "search_p50": 0.002207044999991581}, "annoy": {"build_time": 1.0406612879999955, "build_memory_mb": 67.1875, "search_avg": 4.5474059999151e-05, "search_p50": 4.46780000089575e-05}}