{"timestamp": 1762045686.579576, "dataset": "small", "config": {"N": 10000, "D": 64, "k": 10}, "repeats": 50, "rust_annie": {"build_time": 0.0022225959999957468, "build_memory_mb": 3.01953125, "search_times": [0.000448214999977381, 0.0003542070000150943, 0.000299021000017774, 0.0003359819999957381, 0.000327654000017219, 0.00032373400000551555, 0.0003096890000051644, 0.0003261029999919174, 0.00030059599998821795, 0.00030895900002292365, 0.00029742500001361805, 0.0003334589999894888, 0.0003082409999990432, 0.000300548999973671, 0.00033206400001972725, 0.00034529199999155935, 0.00034078999999564985, 0.0003477029999885417, 0.00034375099997419056, 0.0003139789999977438, 0.000366264000007277, 0.00029640299999300623, 0.00033287299999074094, 0.00035087400001998503, 0.00035682500001144035, 0.00029476200000999597, 0.0003147200000057637, 0.00029563399999688045, 0.0003430210000203715, 0.00032103499998470397, 0.0003034630000229299, 0.00032889400000613023, 0.0003051179999999931, 0.00030724200001941426, 0.00032641499998931067, 0.0003485370000078092, 0.00030728000001545297, 0.00033178799998268005, 0.0003429870000104529, 0.00033132999999452295, 0.0003066349999869544, 0.00033938400000010915, 0.00034941199999138917, 0.0003291999999817108, 0.0003284670000027745, 0.0003379580000171245, 0.00031124599999543534, 0.0003313500000103886, 0.00034248000000047796, 0.0003188590000036129], "search_avg": 0.00032795738000118035, "search_p50": 0.00032868050000445237, "search_p95": 0.0003556469000130846, "search_p99": 0.0004080590099920299}, "sklearn": {"build_time": 0.0006855339999845, "build_memory_mb": 0.0, "search_avg": 0.001457681699999398, "search_p50": 0.0006109014999964302}, "faiss": {"build_time": 0.0011530429999879743, "build_memory_mb": 2.25390625, "search_avg": 0.00010054959999877155, "search_p50": 9.798299998919902e-05}, "annoy": {"build_time": 0.053735568999996985, "build_memory_mb": 6.02734375, "search_avg": 1.7908040000520486e-05, "search_p50": 1.6319999986080802e-05}}