{"timestamp": 1766019880.519309, "dataset": "small", "config": {"N": 10000, "D": 64, "k": 10}, "repeats": 50, "rust_annie": {"build_time": 0.002519486999972287, "build_memory_mb": 3.14453125, "search_times": [0.0008475590000216471, 0.0005078709999679631, 0.00046587200000658413, 0.00039086200001747784, 0.00043947300002855627, 0.00042220999995379316, 0.0004276610000033543, 0.00047902699998303433, 0.0004756310000288977, 0.0004252460000202518, 0.000459911000007196, 0.0004452240000318852, 0.0004621349999638369, 0.00041473700002825353, 0.0004600510000045688, 0.0004047280000349929, 0.0005856049999692914, 0.0004985429999919688, 0.0004958590000114782, 0.00040855499997860534, 0.0004905990000452221, 0.000636170999996466, 0.0004489509999530128, 0.000413140000034673, 0.0007156300000019655, 0.00042131899999731104, 0.0005747669999891514, 0.0004182430000128079, 0.00047132299999930183, 0.0005863920000024336, 0.000409636999961549, 0.0005658059999973375, 0.0005136550000202078, 0.0004147230000057789, 0.000777755999990859, 0.0005503709999743478, 0.0004415359999825341, 0.0006476829999542133, 0.00039237400000047273, 0.0004392829999915193, 0.00042912300000352843, 0.00041749499996512895, 0.0006639129999825855, 0.0006756540000196765, 0.000670004000028257, 0.0006898510000041824, 0.0005088320000368185, 0.00058062699997663, 0.0006972450000262143, 0.0005557599999974627], "search_avg": 0.0005146924600001057, "search_p50": 0.00047347700001409976, "search_p95": 0.0007073567500128775, "search_p99": 0.0008133555300065608}, "sklearn": {"build_time": 0.0006267940000270755, "build_memory_mb": 0.0, "search_avg": 0.0016159871799970916, "search_p50": 0.0006033594999905745}, "faiss": {"build_time": 0.001086673999964205, "build_memory_mb": 2.25390625, "search_avg": 8.28831200044533e-05, "search_p50": 7.596300002887801e-05}, "annoy": {"build_time": 0.05994300099996508, "build_memory_mb": 6.015625, "search_avg": 1.7132679998894674e-05, "search_p50": 1.6259999966905525e-05}}