{"timestamp": 1764032606.401716, "dataset": "medium", "config": {"N": 100000, "D": 128, "k": 20}, "repeats": 50, "rust_annie": {"build_time": 0.051743294999994305, "build_memory_mb": 57.9375, "search_times": [0.0048367320000011205, 0.004497465000014245, 0.0037903180000000702, 0.0037524450000034903, 0.003794206000009126, 0.0038524949999896307, 0.003824553000015385, 0.0038597089999825585, 0.0037955089999854863, 0.003802751999984366, 0.0037812010000095597, 0.003867424000020492, 0.003794216000017059, 0.0038208859999997458, 0.0037613540000052126, 0.003847254999982397, 0.0037991449999879023, 0.0038012789999868346, 0.003793445000013662, 0.0037913330000094447, 0.003816537999995262, 0.004779585000022735, 0.0038753479999797946, 0.0038246930000127577, 0.003840002000004006, 0.0037609240000051614, 0.0038787950000198634, 0.003816838999995298, 0.003784808999995448, 0.004117102000009254, 0.0038894650000145248, 0.004138992999997981, 0.003879877000002807, 0.004117152000020496, 0.004094138999988672, 0.004060074000022951, 0.004027633999982072, 0.004019338000006201, 0.004046960000010813, 0.004021382000019003, 0.004002517000003536, 0.003975295999993023, 0.004023186000011947, 0.004050487000000658, 0.004073138999984849, 0.0039857050000193794, 0.003986926999999696, 0.004003138000001627, 0.0040555660000052285, 0.0039367729999923995], "search_avg": 0.0039549221000027045, "search_p50": 0.003877071499999829, "search_p95": 0.0043361526000069255, "search_p99": 0.004808729970011711}, "sklearn": {"build_time": 0.0034131410000100004, "build_memory_mb": 0.0, "search_avg": 0.008090426899998988, "search_p50": 0.0071379169999943315}, "faiss": {"build_time": 0.007926977000010993, "build_memory_mb": 49.234375, "search_avg": 0.002265779859999384, "search_p50": 0.002259567499990567}, "annoy": {"build_time": 1.0765636779999852, "build_memory_mb": 67.4375, "search_avg": 4.7030920001702725e-05, "search_p50": 4.527549999977509e-05}}