{"timestamp": 1766365825.772499, "dataset": "small", "config": {"N": 10000, "D": 64, "k": 10}, "repeats": 50, "rust_annie": {"build_time": 0.002170492999994167, "build_memory_mb": 3.125, "search_times": [0.00048363199999812423, 0.00042192600000134917, 0.0003568479999671581, 0.0003469160000122429, 0.00034550399999488945, 0.00037265299999944546, 0.00035127000001011766, 0.0002882570000224405, 0.0002975470000023961, 0.00028923299998950824, 0.00028430899999420944, 0.00028593299998647126, 0.0003324740000039128, 0.00032210600005555534, 0.0003129440000293471, 0.0002991730000303505, 0.00030794899998909386, 0.000312710999992305, 0.0003149249999978565, 0.00031455199996344163, 0.000298215999976037, 0.0003204879999998411, 0.000287741000022379, 0.00029398399999536196, 0.0003083149999838497, 0.00033484299996189293, 0.00030357800000047064, 0.0002937470000006215, 0.0003297260000181268, 0.00031785800001671305, 0.00033287600001585815, 0.0003349680000042099, 0.00031216999997241146, 0.0003472490000149264, 0.0003163280000535451, 0.0003012839999882999, 0.0003256939999687347, 0.0003253990000189333, 0.00029759700004206024, 0.00032551999998986503, 0.0003343779999909202, 0.0003259920000004968, 0.00031176700002788493, 0.0003105929999946966, 0.0003197710000222287, 0.00031619600002841253, 0.0003529350000235354, 0.00030249600001752697, 0.00029855599996153614, 0.00031649599998218036], "search_avg": 0.0003227524600026754, "search_p50": 0.0003162620000409788, "search_p95": 0.0003655407499849161, "search_p99": 0.0004533960599997043}, "sklearn": {"build_time": 0.0006622550000088268, "build_memory_mb": 0.0, "search_avg": 0.001527129360000572, "search_p50": 0.0005698390000077325}, "faiss": {"build_time": 0.0012116859999764529, "build_memory_mb": 2.3828125, "search_avg": 0.00011298095999904944, "search_p50": 0.00011009899998271067}, "annoy": {"build_time": 0.05353338399999075, "build_memory_mb": 9.24609375, "search_avg": 1.633145999676344e-05, "search_p50": 1.5681000007816692e-05}}