{"timestamp": 1765933447.554688, "dataset": "medium", "config": {"N": 100000, "D": 128, "k": 20}, "repeats": 50, "rust_annie": {"build_time": 0.05241512399993553, "build_memory_mb": 58.0546875, "search_times": [0.0047762390000798405, 0.0044061469999405745, 0.0037627140000040527, 0.0036665940000375485, 0.0037978599999632934, 0.0036856299999499242, 0.003683105000050091, 0.0036791179999227097, 0.00371200899996893, 0.003723459999946499, 0.0036945169999853533, 0.0036467869999796676, 0.0036906589999716743, 0.0037277979999998934, 0.0036844980000978467, 0.003752746000031948, 0.003722648999996636, 0.003660152000065864, 0.003664089000039894, 0.003686330999926213, 0.0040498240000488295, 0.004026166000016929, 0.003954191999923751, 0.003971484000089731, 0.003984749000096599, 0.003967167000041627, 0.003972122000050149, 0.004026447000001099, 0.00451088299996627, 0.003989420999914728, 0.0036877040000717898, 0.003753537000079632, 0.0036885750000692497, 0.003685419000021284, 0.0036667539999371, 0.0038045419998979924, 0.003907894999997552, 0.003851929999996173, 0.0038454080000747126, 0.003993004999983896, 0.0039171829999986585, 0.004038027999968108, 0.003642399000000296, 0.004000287999929242, 0.003951896999978999, 0.004010407000009764, 0.003978136999990056, 0.003990840000028584, 0.003994647000013174, 0.0037044050000076822], "search_avg": 0.0038677711400032424, "search_p50": 0.003801200999930643, "search_p95": 0.0042458016499892885, "search_p99": 0.00464621456002419}, "sklearn": {"build_time": 0.003552630999934081, "build_memory_mb": 0.0, "search_avg": 0.007917349220006144, "search_p50": 0.0071601249999844185}, "faiss": {"build_time": 0.008033918000023732, "build_memory_mb": 49.23828125, "search_avg": 0.0022808684199867456, "search_p50": 0.0022757444999683685}, "annoy": {"build_time": 1.0682950050000954, "build_memory_mb": 69.57421875, "search_avg": 4.85230999970554e-05, "search_p50": 4.841049997139635e-05}}