{"timestamp": 1765761038.833453, "dataset": "small", "config": {"N": 10000, "D": 64, "k": 10}, "repeats": 50, "rust_annie": {"build_time": 0.0025527139999894644, "build_memory_mb": 3.125, "search_times": [0.00046604700003172184, 0.0003938710000284118, 0.0002996530000132225, 0.0003097229999866613, 0.0002819409999688105, 0.0002899529999922379, 0.00030896199996277574, 0.000301456999977745, 0.00030914100000245526, 0.00029523900002459413, 0.00031452199999648656, 0.00029490499997564257, 0.0002804679999712789, 0.000298431000032906, 0.0002790550000213443, 0.00028720000000248547, 0.00033309699995243136, 0.00028309299995044057, 0.0003145620000282179, 0.0003053949999980432, 0.00031687599999941085, 0.000312706000045182, 0.00031264900002270224, 0.00030624600003648084, 0.00031476200001634425, 0.0002901659999565709, 0.000397540999983903, 0.0003650670000183709, 0.00031525299999657364, 0.0003268149999939851, 0.00030210799997121285, 0.00028536700000358906, 0.0002918999999792504, 0.00031349000005320704, 0.0002779229999987365, 0.00028186099996219127, 0.0002892440000437091, 0.0002761700000064593, 0.00030330099997399884, 0.00028526699998110416, 0.00026574999998274507, 0.00028990599997769095, 0.00029257099998858394, 0.0003145409999660842, 0.0002952259999915441, 0.0003079190000221388, 0.0003206229999932475, 0.00029824099999586906, 0.0002925210000057632, 0.0003146720000017922], "search_avg": 0.0003080679399977271, "search_p50": 0.0003017824999744789, "search_p95": 0.0003809092000238933, "search_p99": 0.0004324790600082905}, "sklearn": {"build_time": 0.0005690909999884752, "build_memory_mb": 0.0, "search_avg": 0.0013651801000025899, "search_p50": 0.0005674579999777052}, "faiss": {"build_time": 0.0011538919999907193, "build_memory_mb": 2.25, "search_avg": 7.810274000007667e-05, "search_p50": 7.370399998762878e-05}, "annoy": {"build_time": 0.05961846700000706, "build_memory_mb": 5.9140625, "search_avg": 1.6603080005097582e-05, "search_p50": 1.5674500048135087e-05}}