{"timestamp": 1766279517.225934, "dataset": "small", "config": {"N": 10000, "D": 64, "k": 10}, "repeats": 50, "rust_annie": {"build_time": 0.0021512849999965056, "build_memory_mb": 3.25, "search_times": [0.00045220100000165075, 0.0003582209999990482, 0.0002889290000211986, 0.0003225140000040483, 0.000298573000009128, 0.00031247300000813993, 0.0002984349999906044, 0.00033772899999462425, 0.0003199090000123306, 0.00032252900001594753, 0.00031655399999408473, 0.00032699700000193843, 0.0003073530000108349, 0.0002988930000071832, 0.00030783100001485764, 0.0002917490000129419, 0.00032260599999744954, 0.0003357509999943886, 0.00030485199999930046, 0.0002972430000056647, 0.0002868339999793079, 0.00033122699997534255, 0.00032500199998253265, 0.0003314269999918906, 0.0003364400000123169, 0.00030896999999185937, 0.0003129479999870455, 0.00033509600001480067, 0.0003036700000222936, 0.00028522499999894535, 0.0002981390000229567, 0.00031635400000595837, 0.0003038840000044729, 0.00034300499999062595, 0.0002866080000103466, 0.00028683499999715423, 0.0002916729999924428, 0.000315311000008478, 0.0003226660000166248, 0.00032655299997941256, 0.00032433100000162085, 0.00029858400000648544, 0.0002942129999894405, 0.0003035039999872424, 0.0002892580000093403, 0.00029000300000348034, 0.000288057999995317, 0.0003034319999812851, 0.0002921319999984462, 0.0002871810000044661], "search_avg": 0.00031279810000114596, "search_p50": 0.00030759200001284626, "search_p95": 0.0003406307999924252, "search_p99": 0.00040615080000037533}, "sklearn": {"build_time": 0.0012488350000126047, "build_memory_mb": 0.0, "search_avg": 0.0012048131400001693, "search_p50": 0.0005433494999920185}, "faiss": {"build_time": 0.0011014709999983552, "build_memory_mb": 2.375, "search_avg": 9.70695999973259e-05, "search_p50": 9.326400000020385e-05}, "annoy": {"build_time": 0.054444060000008676, "build_memory_mb": 7.73046875, "search_avg": 1.704622000204381e-05, "search_p50": 1.5598499999214255e-05}}