{"timestamp": 1755564676.298126, "dataset": "small", "config": {"N": 10000, "D": 64, "k": 10}, "repeats": 50, "rust_annie": {"build_time": 0.002304567000010138, "build_memory_mb": 3.14453125, "search_times": [0.000432801000016525, 0.0003162329999781832, 0.000307746000004272, 0.0003132070000049225, 0.00029654500002607165, 0.0003270220000217705, 0.0002938309999933608, 0.0002965349999897171, 0.0003082069999891246, 0.00029348000001050423, 0.00031971900000371534, 0.0003123249999816835, 0.0003074059999903511, 0.00030517199999735567, 0.0003044099999840455, 0.0003127359999837154, 0.0003025770000135708, 0.0002907249999850592, 0.0003094399999952202, 0.00029017300002465163, 0.00029253799999651164, 0.00032208299998615075, 0.0002862659999891548, 0.0003039790000229914, 0.00042118900000787107, 0.000299371000011206, 0.00030990999999858104, 0.00029285800002298856, 0.0003167430000132754, 0.00029900999999199485, 0.0003103120000105264, 0.00030537300000332834, 0.000308809000017618, 0.0003211519999979373, 0.00030656399999884343, 0.00030646400000478025, 0.00029320900000584516, 0.0003273439999986749, 0.00030842800001096293, 0.00032194300001719967, 0.00030259700000101475, 0.00031062200000064877, 0.0002922369999964758, 0.00030692499998963285, 0.0003219930000000204, 0.00028456399999754467, 0.00028599600000234204, 0.0003026070000089476, 0.0003019549999976334, 0.0002961849999962851], "search_avg": 0.0003099903200018161, "search_p50": 0.00030651400000181184, "search_p95": 0.00032719910000906794, "search_p99": 0.00042711112001228454}, "sklearn": {"build_time": 0.0005709000000138076, "build_memory_mb": 0.0, "search_avg": 0.0011718836599976612, "search_p50": 0.0005791500000071892}, "faiss": {"build_time": 0.0010621200000002773, "build_memory_mb": 2.30859375, "search_avg": 7.316677999938292e-05, "search_p50": 6.991599998684705e-05}, "annoy": {"build_time": 0.06095601100000181, "build_memory_mb": 5.87890625, "search_avg": 1.631830000064838e-05, "search_p50": 1.573899999129935e-05}}