{"timestamp": 1764465090.033664, "dataset": "small", "config": {"N": 10000, "D": 64, "k": 10}, "repeats": 50, "rust_annie": {"build_time": 0.002599470999996356, "build_memory_mb": 3.26953125, "search_times": [0.0004728600000021288, 0.0004009479999922405, 0.0003598629999999048, 0.00033224800000652976, 0.00031420499999512685, 0.00031832299998768576, 0.0002999780000152441, 0.0002993880000019544, 0.0002905510000061895, 0.0003156870000111667, 0.00029929800001582407, 0.0003086339999924803, 0.0003099270000177512, 0.0004360819999931209, 0.0003061999999829368, 0.00032402299999034767, 0.00031325300000162315, 0.00030994799999461975, 0.0003238939999903323, 0.0002917740000043523, 0.00030909600002360094, 0.00032774000001722925, 0.0003076529999930244, 0.000313793999993095, 0.0003214980000052492, 0.0003143949999753204, 0.00029275500000380816, 0.00029419800000596297, 0.00032506600001624975, 0.00031536700001311146, 0.0002948789999948076, 0.00030157099999428283, 0.00030481699999995726, 0.0003178120000200124, 0.00031293199998572163, 0.0003047679999781394, 0.0002945180000040182, 0.0003146360000130244, 0.0003140750000056869, 0.00030994700000519515, 0.0003077229999917108, 0.0003135839999970358, 0.0002997379999953864, 0.0003164789999914319, 0.0002983660000097643, 0.0003150670000025002, 0.00031705999998621337, 0.000328139999993482, 0.0003031349999957911, 0.0002855510000188133], "search_avg": 0.0003180688800006237, "search_p50": 0.0003130924999936724, "search_p95": 0.00038245974999568934, "search_p99": 0.00045483877999771485}, "sklearn": {"build_time": 0.0005690899999990506, "build_memory_mb": 0.0, "search_avg": 0.0011793164200003048, "search_p50": 0.0005679629999946201}, "faiss": {"build_time": 0.0010954600000161463, "build_memory_mb": 2.25, "search_avg": 7.665469999949437e-05, "search_p50": 7.42729999956282e-05}, "annoy": {"build_time": 0.05895578799999157, "build_memory_mb": 7.49609375, "search_avg": 1.6675400000281116e-05, "search_p50": 1.572900001178823e-05}}