{"timestamp": 1755566384.806299, "dataset": "medium", "config": {"N": 100000, "D": 128, "k": 20}, "repeats": 50, "rust_annie": {"build_time": 0.03220490399999676, "build_memory_mb": 54.875, "search_times": [0.005193735000005972, 0.004706005999992158, 0.004188771000002589, 0.0040382699999952365, 0.0038729420000009895, 0.004162000999997417, 0.0041543469999965055, 0.00408862400000487, 0.004098552999991512, 0.004058368000002588, 0.0040626260000067305, 0.004047247000002585, 0.004055211999997255, 0.004196695999993949, 0.004180915999995705, 0.004164255000006278, 0.004105787000000305, 0.004098783000003436, 0.004022540999997659, 0.004199912000004247, 0.004246859000005543, 0.004175266000004285, 0.004159245000010969, 0.004104101999999443, 0.004115904999991926, 0.004168593000002829, 0.004191214999991644, 0.004249364000003197, 0.00417962399998828, 0.004104474000001801, 0.004019866000007255, 0.004107619999999201, 0.0040350640000070825, 0.004036496999987094, 0.004069839000010234, 0.004276274000005742, 0.004209870000011051, 0.004197126999997636, 0.004062445999991837, 0.004060551999998552, 0.004032410000007758, 0.0040745879999946055, 0.004034984000000463, 0.0040156080000031125, 0.0041849339999942, 0.003885074000010036, 0.003959393000002365, 0.003883811999997988, 0.003912886999998477, 0.003906635000006986], "search_avg": 0.004127114380000591, "search_p50": 0.00410144250000144, "search_p95": 0.004264164500004597, "search_p99": 0.004954747789999202}, "sklearn": {"build_time": 0.003573865000007004, "build_memory_mb": 0.0, "search_avg": 0.008701902500000074, "search_p50": 0.007312811499993188}, "faiss": {"build_time": 0.008231569999992416, "build_memory_mb": 49.390625, "search_avg": 0.002428718040000604, "search_p50": 0.0023902220000024954}, "annoy": {"build_time": 1.0866203749999954, "build_memory_mb": 70.0, "search_avg": 4.7058280000840116e-05, "search_p50": 4.618100000186587e-05}}