{"timestamp": 1754615546.306371, "dataset": "small", "config": {"N": 10000, "D": 64, "k": 10}, "repeats": 50, "rust_annie": {"build_time": 0.0025313019999941844, "build_memory_mb": 3.25, "search_times": [0.0004407449999916935, 0.00033100999999646774, 0.0003099209999959385, 0.00029469199998288786, 0.0004199770000070657, 0.0003042410000091422, 0.0002816479999978583, 0.0002870069999971747, 0.00028187800000978314, 0.0002613389999908122, 0.00026094900002249233, 0.0003038890000084393, 0.0002807770000003984, 0.00028990000001272165, 0.00030812699998250537, 0.0002943609999874752, 0.0003221030000020164, 0.0003067949999717712, 0.00033107999999515414, 0.0003101810000032401, 0.0002886609999848133, 0.00031110300000136704, 0.0002871080000090842, 0.0003042999999820495, 0.00029518200000211436, 0.00033089900000504713, 0.0002849939999975959, 0.0002907239999956346, 0.0003168840000000728, 0.00028910199998222197, 0.00028533400001151676, 0.0003228650000153266, 0.00027819199999612465, 0.000267229999991514, 0.00028845100001717583, 0.000298502000021017, 0.00031504000000381893, 0.0003023659999996653, 0.00031645300001059695, 0.00027520499997990555, 0.00031170399998359244, 0.0003034679999984746, 0.0002946720000238656, 0.00030087400000411435, 0.00029176600000369035, 0.0003112230000112959, 0.00028466300000218325, 0.0003025160000049709, 0.0003176749999909134, 0.00029919099998210186], "search_avg": 0.00030373933999953805, "search_p50": 0.0003000324999931081, "search_p95": 0.00033104849999574524, "search_p99": 0.00043056867999922586}, "sklearn": {"build_time": 0.000602006999997684, "build_memory_mb": 0.0, "search_avg": 0.0011356530199992676, "search_p50": 0.0005696669999935011}, "faiss": {"build_time": 0.001173507999993717, "build_memory_mb": 2.25, "search_avg": 7.806919999779894e-05, "search_p50": 7.496050000099785e-05}, "annoy": {"build_time": 0.060397916999988865, "build_memory_mb": 5.875, "search_avg": 1.608978000206207e-05, "search_p50": 1.5233499993883015e-05}}