{"timestamp": 1761613226.962135, "dataset": "small", "config": {"N": 10000, "D": 64, "k": 10}, "repeats": 50, "rust_annie": {"build_time": 0.002598857999998927, "build_memory_mb": 3.01953125, "search_times": [0.0004511460000031775, 0.000353291999999783, 0.0003396970000011379, 0.00032104200001015215, 0.00034048799999197854, 0.00031867699999565957, 0.0002735519999959024, 0.00029014300000085314, 0.00033164100000249164, 0.00029494199999646753, 0.000306613999995875, 0.0003078270000003158, 0.0002851039999995919, 0.0002782809999928304, 0.000311222999997085, 0.000287128000010739, 0.00031778499999290943, 0.0003119040000001405, 0.00029657600001087303, 0.0002972970000030273, 0.00029318900000419035, 0.00031146399999215646, 0.0003150000000005093, 0.0003114640000063673, 0.00030479100000491144, 0.00032203300000333, 0.0003038389999971969, 0.00032920700000715897, 0.00030150500001013825, 0.0003152999999969097, 0.00033673099999020906, 0.0003107320000026448, 0.00029414099999769405, 0.00032871500000908327, 0.0003167729999944413, 0.00031275599999958104, 0.0003145989999921994, 0.00035031600000934304, 0.00030513199999404605, 0.0002997310000125708, 0.0003070249999979069, 0.00030167500000288783, 0.0003044600000094988, 0.0003266020000012304, 0.00032015899999748854, 0.0003118039999918665, 0.00034965500000794236, 0.00029998199998715336, 0.00030297800000766983, 0.00033095999999943615], "search_avg": 0.0003149415400005751, "search_p50": 0.0003114639999992619, "search_p95": 0.00035001855000871274, "search_p99": 0.000403197540001514}, "sklearn": {"build_time": 0.0006060850000011442, "build_memory_mb": 0.0, "search_avg": 0.0013484889999992333, "search_p50": 0.0005576199999950404}, "faiss": {"build_time": 0.001084122000008847, "build_memory_mb": 2.25, "search_avg": 8.933876000014607e-05, "search_p50": 8.378700000122308e-05}, "annoy": {"build_time": 0.059772816000005946, "build_memory_mb": 5.91015625, "search_avg": 1.6828280000140694e-05, "search_p50": 1.574950000104991e-05}}