{"timestamp": 1765587878.466264, "dataset": "small", "config": {"N": 10000, "D": 64, "k": 10}, "repeats": 50, "rust_annie": {"build_time": 0.0025420130000100016, "build_memory_mb": 3.125, "search_times": [0.00044006999999623986, 0.0003224909999914871, 0.0002885170000013204, 0.0002768649999893569, 0.0002772569999933694, 0.00031350400001883827, 0.0002977649999991172, 0.0002911219999930381, 0.000321178000007194, 0.0002906850000101713, 0.0003015919999995731, 0.00031005700000719116, 0.00028065200001492485, 0.00030951600001571933, 0.0003016219999949499, 0.00028950899999813373, 0.00030600000002323213, 0.0002772959999788327, 0.0003252959999997529, 0.0003187540000055833, 0.00031231199997705517, 0.00032925299998964874, 0.00028943899999944733, 0.00031431499999712287, 0.0003107790000171917, 0.00032338200000481265, 0.000299557999994704, 0.0002873549999833358, 0.0003060699999934968, 0.00027833899997631306, 0.0003039460000024974, 0.0003223700000205554, 0.0002871050000123887, 0.0002891390000172578, 0.0003194950000136032, 0.00031146000000603635, 0.00032001200000308927, 0.00031124899999213085, 0.0003235719999850062, 0.0002943919999722766, 0.00029887599998801306, 0.0003153069999939362, 0.00029886300001180643, 0.00030893499999251617, 0.00030914599997799996, 0.0002754330000129812, 0.0002946390000033716, 0.0003379329999972924, 0.00029900300000917923, 0.0002967519999970136], "search_avg": 0.0003061635399996021, "search_p50": 0.00030497300001286476, "search_p95": 0.0003274723499941956, "search_p99": 0.0003900228699967554}, "sklearn": {"build_time": 0.0006381690000125673, "build_memory_mb": 0.0, "search_avg": 0.0010982769199995345, "search_p50": 0.0005771200000026511}, "faiss": {"build_time": 0.0010603540000033718, "build_memory_mb": 2.28125, "search_avg": 7.669821999911619e-05, "search_p50": 7.237499998780095e-05}, "annoy": {"build_time": 0.059790829999997186, "build_memory_mb": 7.85546875, "search_avg": 1.573059999941506e-05, "search_p50": 1.5358500007778275e-05}}