{"timestamp": 1763946490.272927, "dataset": "small", "config": {"N": 10000, "D": 64, "k": 10}, "repeats": 50, "rust_annie": {"build_time": 0.002556918000010455, "build_memory_mb": 3.01953125, "search_times": [0.0004803479999964111, 0.00043314899997426437, 0.0003179839999916112, 0.00036905999999703454, 0.0003643709999892053, 0.0003165409999894564, 0.00033232100000191167, 0.00034131799998249335, 0.00031751299999882576, 0.00036163600000804763, 0.0003284540000265679, 0.00030118300000481213, 0.0003457659999810403, 0.0003141580000090016, 0.00032261299998026516, 0.00035059499998624233, 0.0003421700000103556, 0.0003189659999804917, 0.00031262400000287016, 0.00031567999999992935, 0.00031465899999716385, 0.00030814600000894643, 0.0003072250000002441, 0.000284001000011358, 0.00032882499999686843, 0.000319116000014219, 0.00029981999998085485, 0.00031543999998007166, 0.000305190999995375, 0.0002982869999925697, 0.0003322009999919828, 0.0003298069999857489, 0.00031062000002179957, 0.00032042899999851215, 0.00035541400001193324, 0.0003332729999954154, 0.00032616000001439716, 0.00030674299998167953, 0.0003058119999934661, 0.0003214399999933448, 0.00033620900001096743, 0.0003082460000030096, 0.00032922500000154287, 0.0003423899999859259, 0.00032110000000784567, 0.00030540100001985593, 0.000313514999987774, 0.00029704499999638756, 0.00031475800000180243, 0.00030629200000475976], "search_avg": 0.0003276647999979332, "search_p50": 0.00031904099999735536, "search_p95": 0.00036694994999351136, "search_p99": 0.0004572204899855591}, "sklearn": {"build_time": 0.0006253289999733624, "build_memory_mb": 0.0, "search_avg": 0.0012863956999996163, "search_p50": 0.0005793825000068864}, "faiss": {"build_time": 0.0010749989999965237, "build_memory_mb": 2.2578125, "search_avg": 7.585191999964991e-05, "search_p50": 7.00909999977739e-05}, "annoy": {"build_time": 0.05897259600001803, "build_memory_mb": 6.0390625, "search_avg": 1.7858860001638277e-05, "search_p50": 1.6752000007613788e-05}}