{"timestamp": 1767092220.498354, "dataset": "small", "config": {"N": 10000, "D": 64, "k": 10}, "repeats": 50, "rust_annie": {"build_time": 0.002480699999978242, "build_memory_mb": 3.125, "search_times": [0.0004188409999983378, 0.0003160499999808053, 0.00031185099999220256, 0.0002950900000087131, 0.0003019060000042373, 0.0002844379999942248, 0.00031772299999488496, 0.00028463199998896016, 0.00029022100000020146, 0.00030288499999642227, 0.0002822460000118099, 0.0002978960000064035, 0.00029246500000112974, 0.00030434800001444273, 0.0002872059999958765, 0.0003047889999834297, 0.00027773899998351226, 0.0002758150000090609, 0.000297625999991169, 0.0003136960000063027, 0.0002904919999764388, 0.00030512999998677515, 0.00030207400001813767, 0.0002768060000164496, 0.00029806599999915306, 0.00028820900001846894, 0.00032284299999219, 0.0003029949999984183, 0.0003017739999791047, 0.0003169219999961115, 0.0003148170000031314, 0.0002937479999900461, 0.00032509700000105113, 0.0003032059999839021, 0.00029959900001585993, 0.00033069700000964986, 0.0003031159999977717, 0.0002932870000051935, 0.0003080649999844809, 0.0003210080000144444, 0.00029886699999792654, 0.00029478999999810185, 0.00032120899999199537, 0.0003135860000043067, 0.0003098180000051798, 0.00031301399999961177, 0.0002907920000154718, 0.0003075740000042515, 0.00030930700000908473, 0.00030712299999891], "search_avg": 0.0003044298799994749, "search_p50": 0.00030293999999742027, "search_p95": 0.00032408269999706363, "search_p99": 0.00037565044000388055}, "sklearn": {"build_time": 0.0005541750000190859, "build_memory_mb": 0.0, "search_avg": 0.0012445745799988118, "search_p50": 0.0005875610000032339}, "faiss": {"build_time": 0.0010823700000059944, "build_memory_mb": 2.25, "search_avg": 7.338643999958094e-05, "search_p50": 7.095699999126737e-05}, "annoy": {"build_time": 0.058364159999996446, "build_memory_mb": 7.3359375, "search_avg": 1.5533680000316962e-05, "search_p50": 1.493249999384716e-05}}