{"timestamp": 1766741281.466141, "dataset": "medium", "config": {"N": 100000, "D": 128, "k": 20}, "repeats": 50, "rust_annie": {"build_time": 0.05243673000001081, "build_memory_mb": 57.93359375, "search_times": [0.004727058000014495, 0.004456193000009989, 0.0038258990000485937, 0.0037352100000020982, 0.00366250500002252, 0.0038621469999498004, 0.0038178140000013627, 0.003871924999998555, 0.0038081659999988915, 0.004101302999970358, 0.0038924730000076124, 0.0036734939999973903, 0.0037719979999906172, 0.00391869200001338, 0.0038212200000202756, 0.0040836090000198055, 0.003993460999993204, 0.0043751430000043, 0.0037910839999995005, 0.003833456999984719, 0.003704723999987891, 0.003903934999982539, 0.0037277270000117824, 0.0038892369999530274, 0.0037109049999912713, 0.0038335340000230644, 0.003934081000011247, 0.003698811999981899, 0.004267241999968974, 0.003923982000003434, 0.003974656000025334, 0.004033386000003247, 0.0038585190000048897, 0.004012868000017988, 0.004136386999959996, 0.003945050999959676, 0.004160963999993328, 0.0039971580000042195, 0.004049676000022373, 0.003975228000001607, 0.003869318999988991, 0.003879648999998153, 0.004101737000041794, 0.003945041000008587, 0.003690036000023156, 0.0037964850000093975, 0.003883816999973533, 0.0038462170000457263, 0.0037624709999590777, 0.0038676969999755784], "search_avg": 0.003928067839999585, "search_p50": 0.003881732999985843, "search_p95": 0.004326587549988403, "search_p99": 0.004594334150012287}, "sklearn": {"build_time": 0.0033323300000347444, "build_memory_mb": 0.0, "search_avg": 0.008645072219999293, "search_p50": 0.00779691399998228}, "faiss": {"build_time": 0.007889841000007891, "build_memory_mb": 49.26953125, "search_avg": 0.002228205559995331, "search_p50": 0.0022197309999967274}, "annoy": {"build_time": 1.0942947629999935, "build_memory_mb": 67.1875, "search_avg": 4.6700499997314185e-05, "search_p50": 4.534999999350475e-05}}