{"timestamp": 1766884547.2142, "dataset": "medium", "config": {"N": 100000, "D": 128, "k": 20}, "repeats": 50, "rust_annie": {"build_time": 0.050637107000000015, "build_memory_mb": 57.9609375, "search_times": [0.005596622000041407, 0.0049684629999546814, 0.004440124999973705, 0.0043529970000122375, 0.004266441000027044, 0.004381009999974594, 0.004476338999950258, 0.004298747999996522, 0.004537764000019706, 0.004326391999995849, 0.0043375159999641255, 0.004359999000030257, 0.004291270000010172, 0.004263088000016069, 0.00421420399999306, 0.004331073999992441, 0.004327868000018498, 0.004610231000015119, 0.004324334999978419, 0.004280327000003581, 0.004286199000034685, 0.004291269000020748, 0.004303716000038094, 0.004369028999974489, 0.00448345000000927, 0.004554023000025609, 0.004372535000015887, 0.004309542999976657, 0.00424823599996671, 0.004335741000033977, 0.004908056999965993, 0.00434364599999526, 0.004557347999991634, 0.004527917999951114, 0.004591957000002367, 0.004407318000005489, 0.004504048999990573, 0.004391429999998309, 0.004599617999986094, 0.004444764000027135, 0.004521394999983386, 0.004400137999994058, 0.004484820000016043, 0.004375659000004362, 0.0044879390000005515, 0.004346630999975787, 0.004337695000003805, 0.004343719000019064, 0.0043208189999859314, 0.004370284000003721], "search_avg": 0.004436075159999291, "search_p50": 0.004369656499989105, "search_p95": 0.004774035299988099, "search_p99": 0.00528882408999891}, "sklearn": {"build_time": 0.0042060449999894445, "build_memory_mb": 0.0, "search_avg": 0.009017335639994144, "search_p50": 0.0083661430000177}, "faiss": {"build_time": 0.014520594999964942, "build_memory_mb": 49.15234375, "search_avg": 0.002817306299991742, "search_p50": 0.0027331899999865072}, "annoy": {"build_time": 0.9476149589999636, "build_memory_mb": 66.84375, "search_avg": 4.142944000022908e-05, "search_p50": 3.830599999332662e-05}}