{"timestamp": 1756083862.282034, "dataset": "medium", "config": {"N": 100000, "D": 128, "k": 20}, "repeats": 50, "rust_annie": {"build_time": 0.03184332300000392, "build_memory_mb": 54.875, "search_times": [0.005247891999999865, 0.004703176999981906, 0.003931871000020237, 0.0038381139999899005, 0.00428238200001374, 0.004146065000014687, 0.004060964999979433, 0.004045235000006642, 0.004095049000000017, 0.00423140600000238, 0.004094588000015165, 0.004039656999992758, 0.004262696000012056, 0.0041824040000051355, 0.0041150570000070275, 0.004106941999992841, 0.0040632589999916036, 0.004027431999986675, 0.004018263999995497, 0.004007344000001467, 0.0038702450000016597, 0.003987323999979253, 0.003939354999999978, 0.0039073949999988145, 0.004041889000006904, 0.004068510000024617, 0.004072178999990683, 0.0040696609999884, 0.004142749000010326, 0.00397613399999841, 0.003977477000006502, 0.004033093000003873, 0.004066532999985384, 0.003928223999992042, 0.0038799229999995077, 0.0038473909999936495, 0.004129204000008713, 0.004033996000003981, 0.00404958400000055, 0.004029365000008056, 0.004022461999994675, 0.004045074999993403, 0.003992234999998345, 0.004013052000004791, 0.0039340449999940574, 0.004063841000004231, 0.003989189000009219, 0.004290187999998807, 0.0041446630000052664, 0.004079859999990276], "search_avg": 0.004082492800000068, "search_p50": 0.0040451550000000225, "search_p95": 0.004286675300005527, "search_p99": 0.004980981649991064}, "sklearn": {"build_time": 0.0034173499999781143, "build_memory_mb": 0.0, "search_avg": 0.007668224159999113, "search_p50": 0.007156372499991903}, "faiss": {"build_time": 0.007978078000007827, "build_memory_mb": 49.25, "search_avg": 0.00224383024000133, "search_p50": 0.0022292875000005097}, "annoy": {"build_time": 1.1099468799999954, "build_memory_mb": 66.43359375, "search_avg": 4.751596000119207e-05, "search_p50": 4.6362500000896034e-05}}