{"timestamp": 1762477448.805543, "dataset": "medium", "config": {"N": 100000, "D": 128, "k": 20}, "repeats": 50, "rust_annie": {"build_time": 0.05272842899998409, "build_memory_mb": 57.67578125, "search_times": [0.004786720999987892, 0.004534208999984912, 0.003785593000003473, 0.0037332050000031813, 0.0036883209999984956, 0.0037437539999984892, 0.0037518999999974767, 0.003760877000019036, 0.0038045179999812717, 0.0037857930000200213, 0.003775273000002244, 0.003883955999981481, 0.003784711000008656, 0.003784620999994104, 0.0037892699999986235, 0.003783239000000549, 0.0037518999999974767, 0.0037970239999935984, 0.003820017000009557, 0.003772668000010526, 0.003826889999999139, 0.0038217499999859683, 0.0037808239999890247, 0.0038787360000185345, 0.0038153590000149507, 0.003829585000005409, 0.0037772270000004937, 0.003820227000005616, 0.003831308000002309, 0.0038236240000060207, 0.003768702000002122, 0.0037958819999914795, 0.00400410100002091, 0.003926334999988512, 0.003939459999998007, 0.003955779999984088, 0.004027464000017744, 0.003998029999991104, 0.004242705000024216, 0.003942696000024171, 0.003951582000013332, 0.00391682800000126, 0.003987800000004427, 0.004071908000014446, 0.003988109999994549, 0.0040094500000122935, 0.003960760000012442, 0.003980706999982431, 0.0038154890000043906, 0.0038047680000090622], "search_avg": 0.0038922331400021905, "search_p50": 0.003820988499995792, "search_p95": 0.004165846350019819, "search_p99": 0.004662990119986432}, "sklearn": {"build_time": 0.003409962000006317, "build_memory_mb": 0.0, "search_avg": 0.007691350259999012, "search_p50": 0.006736132500009262}, "faiss": {"build_time": 0.007845306999996637, "build_memory_mb": 49.25390625, "search_avg": 0.0022759726800006775, "search_p50": 0.0022672249999970973}, "annoy": {"build_time": 1.0646268129999896, "build_memory_mb": 70.08984375, "search_avg": 4.9255680000328536e-05, "search_p50": 4.75090000122691e-05}}