{"timestamp": 1767489386.446291, "dataset": "medium", "config": {"N": 100000, "D": 128, "k": 20}, "repeats": 50, "rust_annie": {"build_time": 0.051897169000000076, "build_memory_mb": 58.203125, "search_times": [0.005198252999974784, 0.0050092769999992015, 0.004598611999995228, 0.004620158999983914, 0.0059896969999897465, 0.0065027249999900505, 0.006525800000019899, 0.006125042000007852, 0.006156354000012243, 0.005911261999983708, 0.005285113000013553, 0.004987225999997236, 0.004600774000010688, 0.00454899999999725, 0.004780170999993061, 0.004749959999998055, 0.0045807369999977254, 0.004762147999997524, 0.004759150000012369, 0.004845455999998194, 0.0048688400000003185, 0.004899324999996679, 0.004823587000004181, 0.004781080000014981, 0.004621531999987383, 0.004590839000002234, 0.004645667999994885, 0.004691262000022789, 0.004557790000006889, 0.0046032359999799155, 0.00444899200002169, 0.004627279000004592, 0.004544727999984843, 0.0046677759999909085, 0.004627478999992718, 0.004460049000016397, 0.004680701000012277, 0.005172079999994139, 0.004744333999980199, 0.004681112000014309, 0.004649035999989337, 0.004786984999981314, 0.0048330230000033225, 0.00462066400001504, 0.004709149999996498, 0.004797463999977936, 0.004643823999998631, 0.0045289779999961866, 0.0045695989999785525, 0.004471788000017796], "search_avg": 0.004897702319998984, "search_p50": 0.0047002060000096435, "search_p95": 0.0061422636000102665, "search_p99": 0.006514493250005273}, "sklearn": {"build_time": 0.004968155000000252, "build_memory_mb": 0.0, "search_avg": 0.009492570880000243, "search_p50": 0.008886846500004708}, "faiss": {"build_time": 0.01593605000002185, "build_memory_mb": 49.1640625, "search_avg": 0.0032554278000003476, "search_p50": 0.003187992999997391}, "annoy": {"build_time": 0.9819837309999855, "build_memory_mb": 67.51953125, "search_avg": 4.2982520001260126e-05, "search_p50": 4.228100000602808e-05}}