{"timestamp": 1761786260.815577, "dataset": "medium", "config": {"N": 100000, "D": 128, "k": 20}, "repeats": 50, "rust_annie": {"build_time": 0.05101754300000039, "build_memory_mb": 57.9609375, "search_times": [0.005101800999966599, 0.004499973000008595, 0.003784716000041044, 0.00369887499999777, 0.0037666119999926195, 0.003775569000026735, 0.003754159000038726, 0.0037811089999877368, 0.0037397020000184966, 0.0037194939999949383, 0.0037282399999867266, 0.0037659310000321966, 0.0037731749999920794, 0.003774066000005405, 0.0038106409999727475, 0.0038058360000263747, 0.0038034799999877578, 0.0038453009999557253, 0.0037957339999934447, 0.0038298810000014782, 0.003876691000016308, 0.003840960999980325, 0.004248743000005106, 0.004085939000049166, 0.003982315999962793, 0.0039958410000053846, 0.004026548000013008, 0.00397594300000037, 0.004011711000032392, 0.00408079899995073, 0.004047908000018197, 0.0039961909999988166, 0.004170756999997138, 0.003987024000025485, 0.003987595000012334, 0.003995208999981514, 0.004086340000014843, 0.003912494999951832, 0.003793282000003728, 0.0038452789999610104, 0.003873462000001382, 0.0038821879999773046, 0.003802306000011413, 0.003838806999965527, 0.003874637000023995, 0.003944394999962242, 0.004018743000017366, 0.0041343089999941185, 0.0041900140000166175, 0.003929076000019904], "search_avg": 0.003939796079999951, "search_p50": 0.0038756640000201514, "search_p95": 0.004222314950010286, "search_p99": 0.004806905279987176}, "sklearn": {"build_time": 0.004048509000028844, "build_memory_mb": 0.0, "search_avg": 0.009293250259999013, "search_p50": 0.008476752999996506}, "faiss": {"build_time": 0.008292053000047872, "build_memory_mb": 49.24609375, "search_avg": 0.002580740540000761, "search_p50": 0.0025594499999783693}, "annoy": {"build_time": 1.110775220999983, "build_memory_mb": 66.83203125, "search_avg": 4.481230000124015e-05, "search_p50": 4.369100003032145e-05}}