{"timestamp": 1766797550.890196, "dataset": "small", "config": {"N": 10000, "D": 64, "k": 10}, "repeats": 50, "rust_annie": {"build_time": 0.0022510469999872385, "build_memory_mb": 3.14453125, "search_times": [0.0006081909999977597, 0.0005846379999923101, 0.0005285280000180137, 0.0004132560000016383, 0.0004994279999834816, 0.0005083830000103262, 0.00045044500001267807, 0.000446089999996957, 0.0005115850000265709, 0.00045065000000477085, 0.0004754659999832711, 0.0003296940000154791, 0.0003131219999943369, 0.00029627200001414167, 0.0003036749999978383, 0.0003048279999973147, 0.00030846500001757704, 0.00032493699998781267, 0.00033111700000176825, 0.00031237200002465215, 0.0002891379999994115, 0.00031086800001389747, 0.0003007079999974849, 0.00033354599997892365, 0.0003177990000153841, 0.00032419900000491, 0.0003228639999974803, 0.0003088040000136516, 0.0003162660000270989, 0.00034148500000696913, 0.000306694999977708, 0.0002990699999827484, 0.00032816500001331406, 0.000328924000001507, 0.0003175290000001496, 0.00030952599999523045, 0.0002888900000073136, 0.00032398199999761346, 0.00032039999999255997, 0.00032510700000898396, 0.00032560199997533346, 0.0003141079999977592, 0.0003113799999994171, 0.0002910519999943517, 0.000313613000002988, 0.0003228379999882236, 0.00031722899998953835, 0.00030294900000171765, 0.0003343070000028092, 0.00032598799998595496], "search_avg": 0.00035548346000098264, "search_p50": 0.00032285099999285194, "search_p95": 0.0005209036500218644, "search_p99": 0.0005966500299950894}, "sklearn": {"build_time": 0.0007209249999959866, "build_memory_mb": 0.0, "search_avg": 0.0010540244399982158, "search_p50": 0.000580747499995482}, "faiss": {"build_time": 0.0012112930000114375, "build_memory_mb": 2.375, "search_avg": 0.00010500348000277881, "search_p50": 0.00010071850000770155}, "annoy": {"build_time": 0.052960767999991276, "build_memory_mb": 6.140625, "search_avg": 1.9159720000061498e-05, "search_p50": 1.558249999789041e-05}}