{"timestamp": 1765678207.70427, "dataset": "medium", "config": {"N": 100000, "D": 128, "k": 20}, "repeats": 50, "rust_annie": {"build_time": 0.04905767600001809, "build_memory_mb": 57.9453125, "search_times": [0.005409060000005184, 0.0048531790000083674, 0.00436754099999348, 0.004367002999998704, 0.004552110000020093, 0.004446079000018699, 0.0042782289999934164, 0.004492178999981888, 0.004403131000003668, 0.004722399000002042, 0.004442067000013594, 0.004373797999988938, 0.004350023000000647, 0.004414694000018926, 0.004356876000002785, 0.004372870999986844, 0.004666229999997995, 0.004772512000016604, 0.004691225000016175, 0.004766343000000006, 0.004499753999994027, 0.004369741999994403, 0.00441998200000171, 0.004351017000004731, 0.004321887000003244, 0.00442197800001054, 0.004638193000005231, 0.004523040999998784, 0.004441165999992336, 0.0043076910000081625, 0.004353745000003073, 0.004350431000005983, 0.00441876900001148, 0.004513271000007535, 0.004555888999988156, 0.004612405000017361, 0.004375950999985889, 0.004375930000009021, 0.004419843000022183, 0.00442316999999548, 0.004396124999999529, 0.00472669800001313, 0.0044586809999884736, 0.004780447999991111, 0.005084728000014138, 0.004571443000003228, 0.004419403999975202, 0.0045697420000010425, 0.004774054999984401, 0.004524236999998266], "search_avg": 0.004521939300001918, "search_p50": 0.004441616500002965, "search_p95": 0.004820450050000602, "search_p99": 0.005250137320009571}, "sklearn": {"build_time": 0.004995567999998229, "build_memory_mb": 0.0, "search_avg": 0.009692892740000616, "search_p50": 0.008965658999997572}, "faiss": {"build_time": 0.015116928999987067, "build_memory_mb": 49.15234375, "search_avg": 0.003255458560000193, "search_p50": 0.003192307999981381}, "annoy": {"build_time": 0.9791252359999874, "build_memory_mb": 69.81640625, "search_avg": 4.324282000197854e-05, "search_p50": 4.215900000303918e-05}}