{"timestamp": 1763773271.562095, "dataset": "small", "config": {"N": 10000, "D": 64, "k": 10}, "repeats": 50, "rust_annie": {"build_time": 0.0024687449999873934, "build_memory_mb": 3.14453125, "search_times": [0.0004121590000067954, 0.00037856599999486207, 0.00028565299999172566, 0.0003086330000030557, 0.00034078600000952974, 0.0002876769999886619, 0.0002923750000149994, 0.0003096099999879698, 0.00032788200002187295, 0.0002934679999953005, 0.0002920240000037211, 0.00030481900000722817, 0.0003150670000025002, 0.0003174919999935355, 0.00033389300000408184, 0.00031577900000456793, 0.00030632100001071194, 0.0003150279999886152, 0.00031863399999565445, 0.0002982559999793466, 0.0003123820000041633, 0.0003215300000078969, 0.000302293999993708, 0.00032007700002623096, 0.0003289929999823471, 0.00030689300001540687, 0.0002979449999997996, 0.0003142259999719954, 0.00031846399997448316, 0.00029714400000102614, 0.0003075129999956516, 0.00028774700001577, 0.00029260499999850254, 0.00030026999999677173, 0.00030914600000642167, 0.00029865699997344564, 0.000306832000006807, 0.0003102889999979652, 0.0003107699999986835, 0.00029788599999847065, 0.00031434600001034596, 0.0003002900000126374, 0.0002982260000123915, 0.0003150269999991906, 0.00032651899999791567, 0.000289750000007416, 0.0003090859999872464, 0.0003276110000172139, 0.00038369600000009996, 0.000452363999983163], "search_avg": 0.00031625399999995807, "search_p50": 0.00030937799999719573, "search_p95": 0.0003813874999977429, "search_p99": 0.0004326635499947428}, "sklearn": {"build_time": 0.0005809639999938554, "build_memory_mb": 0.0, "search_avg": 0.0012558020999989595, "search_p50": 0.0005662314999881346}, "faiss": {"build_time": 0.0011069050000003244, "build_memory_mb": 2.30859375, "search_avg": 7.449859999951514e-05, "search_p50": 7.125300000154766e-05}, "annoy": {"build_time": 0.05864014300001941, "build_memory_mb": 6.12890625, "search_avg": 1.5869119998797032e-05, "search_p50": 1.5288500009091877e-05}}