{"timestamp": 1755997719.726549, "dataset": "small", "config": {"N": 10000, "D": 64, "k": 10}, "repeats": 50, "rust_annie": {"build_time": 0.003499975000067934, "build_memory_mb": 3.0, "search_times": [0.0007033730000784999, 0.000461953000012727, 0.00042247700002917554, 0.0004106769999907556, 0.0005454789999248533, 0.0003673259999459333, 0.0003026850000651393, 0.00034708900000168796, 0.00030519000006279384, 0.00028926999993927893, 0.00030762400001549395, 0.0003043789999992441, 0.00029966900001454633, 0.00032229099997493904, 0.00030508999998346553, 0.0002994899999748668, 0.0002962430000934546, 0.00031623000006675284, 0.00032113899999330897, 0.00027963200000158395, 0.00031920699996135227, 0.000286114000005, 0.00029650400006175914, 0.0003173229999902105, 0.00030896700002358557, 0.00029449000010117743, 0.000315299000021696, 0.00029408900002181326, 0.00029176400005326286, 0.0002953709999928833, 0.00030637199995453557, 0.00029384899994511215, 0.00030485899992527266, 0.0003153889999794046, 0.0002944599999636921, 0.00028641500000503584, 0.0003105299999788258, 0.00030274499999904947, 0.00028806800003167155, 0.000309678000007807, 0.00031005799996819405, 0.0002936480000244046, 0.00029032299994469213, 0.0003113010000106442, 0.0002993790000118679, 0.0002934679999953005, 0.00030808500002876826, 0.0002999399999907837, 0.0002968239999745492, 0.0002971240000988473], "search_avg": 0.000324778980004794, "search_p50": 0.0003046189999622584, "search_p95": 0.00044418880002012874, "search_p99": 0.0006260049400032127}, "sklearn": {"build_time": 0.0005480730000044787, "build_memory_mb": 0.0, "search_avg": 0.0010982887199907055, "search_p50": 0.0005749885000341237}, "faiss": {"build_time": 0.0010761390000197935, "build_memory_mb": 2.37890625, "search_avg": 7.55324999977347e-05, "search_p50": 7.434849999299331e-05}, "annoy": {"build_time": 0.0600895480000645, "build_memory_mb": 6.125, "search_avg": 1.6200400002617242e-05, "search_p50": 1.532850001240149e-05}}