{"timestamp": 1761440751.346404, "dataset": "small", "config": {"N": 10000, "D": 64, "k": 10}, "repeats": 50, "rust_annie": {"build_time": 0.002477460999983805, "build_memory_mb": 3.01953125, "search_times": [0.00044906699997682153, 0.00033396300000276824, 0.0003310280000050625, 0.000314326000022902, 0.0002931969999906414, 0.000319065000013552, 0.00029398799998148206, 0.00031543200000783145, 0.00032183000001850814, 0.00030076100000542283, 0.00028743600000780134, 0.0003142460000162828, 0.0003047950000052424, 0.00029193500000701533, 0.00030347599999913655, 0.00030828500001689463, 0.0003165699999954086, 0.0003019129999870529, 0.00030189299999960895, 0.000297334999999066, 0.0003297650000035901, 0.00034236800001963275, 0.00029956899999206144, 0.0003070820000061758, 0.0002873960000044917, 0.000321649999989404, 0.0003226219999987734, 0.000311331000006021, 0.0003172509999842532, 0.0003110499999934291, 0.0003175619999922219, 0.0003257270000176504, 0.0002849310000101468, 0.0002974439999832157, 0.00033333099997889803, 0.000299628999982815, 0.00028195600000913146, 0.00030765400001087073, 0.00027814899999611953, 0.00031762199998297547, 0.00031409600001097715, 0.00030116199999952187, 0.00029796599997666817, 0.0003242749999969874, 0.00030854499999577456, 0.0003079349999950409, 0.0002902710000114439, 0.0003228730000159885, 0.0002866849999918486, 0.00030227400000626403], "search_avg": 0.0003110142400004179, "search_p50": 0.0003081100000059678, "search_p95": 0.00033367859999202667, "search_p99": 0.0003967844899977988}, "sklearn": {"build_time": 0.0006499130000179321, "build_memory_mb": 0.0, "search_avg": 0.0012750215200009053, "search_p50": 0.000578218999990554}, "faiss": {"build_time": 0.0010977679999939483, "build_memory_mb": 2.265625, "search_avg": 8.253152000008867e-05, "search_p50": 7.803550001028725e-05}, "annoy": {"build_time": 0.06012138400001277, "build_memory_mb": 6.0, "search_avg": 1.7464719999793487e-05, "search_p50": 1.6705999996702303e-05}}