{"timestamp": 1767402308.969845, "dataset": "small", "config": {"N": 10000, "D": 64, "k": 10}, "repeats": 50, "rust_annie": {"build_time": 0.002206209000007675, "build_memory_mb": 3.26953125, "search_times": [0.0005007159999763644, 0.00039065400000026784, 0.00035925200000974655, 0.00037979499995799415, 0.0003474259999620699, 0.00034775999995417806, 0.00036997000000837943, 0.00033336899997493674, 0.00035556300002781427, 0.0003604650000283982, 0.0003194669999970756, 0.00035704399999758607, 0.00033952400002590366, 0.00033559499996727027, 0.00034620799999629526, 0.00033959500001401466, 0.000331911999978729, 0.000338666999994075, 0.00033562100003337036, 0.00032077700001309495, 0.0003078120000168383, 0.00031195399998296125, 0.0003342670000279213, 0.0003446849999590995, 0.0003116609999551656, 0.0003030469999885099, 0.0003242349999936778, 0.00030112100000678765, 0.0003183999999691878, 0.0002936079999926733, 0.00031610899998213426, 0.00029742300000634714, 0.0002940699999953722, 0.0003059260000100039, 0.0003320060000078229, 0.0003205919999800244, 0.00031522599999789236, 0.00030298400002948256, 0.00028934000005165217, 0.00031691699996372336, 0.0003194230000076459, 0.0002986809999470097, 0.00031145899998819004, 0.0003291970000418587, 0.000298085999986597, 0.00032383299998173243, 0.000345196000012038, 0.0003086319999852094, 0.0002977279999640814, 0.00030664099995192373], "search_avg": 0.0003297927799940226, "search_p50": 0.0003223049999974137, "search_p95": 0.0003753737499806675, "search_p99": 0.0004467856199880769}, "sklearn": {"build_time": 0.0006971810000209189, "build_memory_mb": 0.0, "search_avg": 0.0009561284799997339, "search_p50": 0.0005396950000147172}, "faiss": {"build_time": 0.0011291710000023158, "build_memory_mb": 2.25390625, "search_avg": 9.764505999669382e-05, "search_p50": 9.494450000602228e-05}, "annoy": {"build_time": 0.05853452399998105, "build_memory_mb": 6.0, "search_avg": 1.7413219998161365e-05, "search_p50": 1.6407499998649655e-05}}