{"timestamp": 1755910792.789826, "dataset": "small", "config": {"N": 10000, "D": 64, "k": 10}, "repeats": 50, "rust_annie": {"build_time": 0.0023856500000078995, "build_memory_mb": 3.25, "search_times": [0.00043039199999839184, 0.00028554299998972965, 0.0003357869999973673, 0.0003131440000032626, 0.0003037869999928944, 0.000316409999996381, 0.00032209100000102353, 0.0003152979999896388, 0.0003150069999975358, 0.00029062200000851135, 0.0002981960000028039, 0.0003075740000042515, 0.0003112799999911431, 0.0003242949999986422, 0.00031063600000891256, 0.0003388119999954142, 0.00032565799999417777, 0.00032077800000251955, 0.00033725900000547426, 0.00032119900001248425, 0.00031672100000434966, 0.0003109099999960563, 0.0002991879999996172, 0.00028791699999430875, 0.0003199159999951462, 0.0002947790000007444, 0.00028766699999493994, 0.0003209190000035278, 0.00032500599999707447, 0.0002951909999922009, 0.0003365980000040736, 0.000297785000000772, 0.00035792699999603883, 0.0003106300000013107, 0.0003266289999999117, 0.0003123630000061439, 0.0003022140000012996, 0.0003122919999896112, 0.0003077639999986559, 0.0003097280000048386, 0.0003142260000004171, 0.00030942699999059187, 0.0002909730000055788, 0.00031532799999922645, 0.00031225200000051245, 0.0003062309999961599, 0.00031749200000774636, 0.00032240100000535676, 0.0002867949999938446, 0.00028805800000952786], "search_avg": 0.00031438189999960286, "search_p50": 0.00031232749999787757, "search_p95": 0.00033811314999994125, "search_p99": 0.0003948841499972387}, "sklearn": {"build_time": 0.0005660460000029843, "build_memory_mb": 0.0, "search_avg": 0.0010793541200001754, "search_p50": 0.000576825499997824}, "faiss": {"build_time": 0.0011095699999970066, "build_memory_mb": 2.25390625, "search_avg": 7.321500000017522e-05, "search_p50": 6.949500000530406e-05}, "annoy": {"build_time": 0.060140681000007135, "build_memory_mb": 8.02734375, "search_avg": 1.5879519999657532e-05, "search_p50": 1.578450000039311e-05}}