{"timestamp": 1765501723.295534, "dataset": "small", "config": {"N": 10000, "D": 64, "k": 10}, "repeats": 50, "rust_annie": {"build_time": 0.0025303420000000187, "build_memory_mb": 3.125, "search_times": [0.00042001500000310443, 0.00034494499999482287, 0.00029173600000831357, 0.0002934990000085236, 0.0002954849999809994, 0.0003195980000043619, 0.0002950119999809431, 0.0003156909999972868, 0.0003413059999957113, 0.0003089079999938349, 0.00029068399999232497, 0.00030541099999936705, 0.0003089380000176334, 0.0003023989999917376, 0.0003037790000064433, 0.0003156599999840637, 0.0002936559999966448, 0.0002893619999895236, 0.00030188500002736873, 0.0002986490000012054, 0.0003014629999995577, 0.00029401000000461863, 0.0002993500000059157, 0.00029816800000048715, 0.0002831700000172077, 0.00029159600001094077, 0.0002786310000146841, 0.00028090500001098917, 0.00028441200001338984, 0.0003107709999881081, 0.00029602399999362206, 0.0002907039999797689, 0.00029732600000897946, 0.00029834800000116957, 0.0002772689999801514, 0.00032451000001287866, 0.00029131499999834887, 0.00028585399999769834, 0.0002819370000111121, 0.000298598999989963, 0.00029405000000792825, 0.0002933680000012373, 0.0002919960000156152, 0.00030123299998763287, 0.0003209409999840318, 0.00031413700000371136, 0.000301664999994955, 0.00027734900001519236, 0.0003134060000036243, 0.0003040859999998702], "search_avg": 0.00030226422000055207, "search_p50": 0.00029825800000082836, "search_p95": 0.00033374780000343656, "search_p99": 0.00038323069999904633}, "sklearn": {"build_time": 0.0006528410000044005, "build_memory_mb": 0.0, "search_avg": 0.0012919164999982513, "search_p50": 0.0005676014999806966}, "faiss": {"build_time": 0.0012088910000045416, "build_memory_mb": 2.2578125, "search_avg": 7.209941999860802e-05, "search_p50": 7.042650000244066e-05}, "annoy": {"build_time": 0.06065850900000669, "build_memory_mb": 7.625, "search_avg": 1.68038400011028e-05, "search_p50": 1.602999999761323e-05}}