{"timestamp": 1764723925.566666, "dataset": "medium", "config": {"N": 100000, "D": 128, "k": 20}, "repeats": 50, "rust_annie": {"build_time": 0.05290052099999798, "build_memory_mb": 58.21484375, "search_times": [0.004821140999979434, 0.004490704999994932, 0.003828875000010612, 0.003891500999998243, 0.0037434350000182803, 0.003747975999999653, 0.0037149119999924096, 0.0038030460000015864, 0.004371754999993982, 0.005237873999988096, 0.004175709999998389, 0.0037688529999968523, 0.003747262999979739, 0.0037160640000024614, 0.003737814999993816, 0.0037391280000065308, 0.003736655000011524, 0.0038137640000002193, 0.003871433999989904, 0.0038873729999977513, 0.003795351999997365, 0.0038826649999919027, 0.003918561999995518, 0.003959577000017589, 0.003932988000002524, 0.003921275999999807, 0.003992748999991136, 0.003971809999995912, 0.004046199000015349, 0.003995653999993465, 0.003969546999996965, 0.004020119999978533, 0.003951511999986224, 0.003958254999986366, 0.004007657000016707, 0.0039830009999946014, 0.00401037200001042, 0.004114845999993122, 0.00383137899999042, 0.00385929299997656, 0.00407494200001679, 0.004036920999993754, 0.0040185970000266025, 0.004045687999990832, 0.0040212019999898985, 0.003984363000000712, 0.004005742999993345, 0.004016073000002507, 0.003961641000017835, 0.004000825000019859], "search_avg": 0.003982681759998741, "search_p50": 0.003960609000017712, "search_p95": 0.004437177499994505, "search_p99": 0.005033674829983851}, "sklearn": {"build_time": 0.0035678890000099273, "build_memory_mb": 0.0, "search_avg": 0.008011964220000323, "search_p50": 0.007147760000009384}, "faiss": {"build_time": 0.00793896200002564, "build_memory_mb": 49.2578125, "search_avg": 0.002322245599997359, "search_p50": 0.002312462499986623}, "annoy": {"build_time": 1.0614595950000023, "build_memory_mb": 67.234375, "search_avg": 4.687743999795657e-05, "search_p50": 4.5860000000175205e-05}}