{"timestamp": 1766741013.362312, "dataset": "small", "config": {"N": 10000, "D": 64, "k": 10}, "repeats": 50, "rust_annie": {"build_time": 0.0025945250000063425, "build_memory_mb": 3.125, "search_times": [0.0004314740000097572, 0.00031807199999889235, 0.00028286699998147924, 0.00030797400000892594, 0.0002887580000106027, 0.0003246240000009948, 0.000291293000003634, 0.00031388499999707165, 0.0003206169999998565, 0.0002834169999914593, 0.00028934899998489527, 0.0003190039999765304, 0.00027923999999757143, 0.0003097869999919567, 0.0002751120000255014, 0.000309475999983988, 0.00028908800001659074, 0.00029335599998603357, 0.00029675300001485994, 0.0003117310000106954, 0.000293586999987383, 0.00029781500001035965, 0.00028283699998610246, 0.00028691399998592715, 0.00028283599999667786, 0.0003290919999869857, 0.0002994570000112162, 0.0003063399999803096, 0.0002974739999785925, 0.00028582299998447525, 0.00033006399999635505, 0.0003108080000231439, 0.00031669999998484855, 0.0002996679999967, 0.0002769849999992857, 0.00030026999999677173, 0.00030766300000095725, 0.0002984349999906044, 0.00031262199999559925, 0.000291882999988502, 0.00030273400000169204, 0.0003172000000120079, 0.00029570000000944674, 0.00030456700000058845, 0.0003140539999719749, 0.00030058999999482694, 0.00029130200002214224, 0.00029067199997712123, 0.00033527400000821217, 0.00032186999999339605], "search_avg": 0.00030434225999727006, "search_p50": 0.0002999689999967359, "search_p95": 0.00032962659999213884, "search_p99": 0.00038433600000899995}, "sklearn": {"build_time": 0.0006348119999870505, "build_memory_mb": 0.0, "search_avg": 0.0014308831799996825, "search_p50": 0.0005995360000099481}, "faiss": {"build_time": 0.0010896890000253734, "build_memory_mb": 2.2578125, "search_avg": 8.24199799995995e-05, "search_p50": 7.94430000041757e-05}, "annoy": {"build_time": 0.05891988800001968, "build_memory_mb": 6.140625, "search_avg": 1.7339679998826796e-05, "search_p50": 1.6404999996666447e-05}}