{"timestamp": 1762995921.654877, "dataset": "medium", "config": {"N": 100000, "D": 128, "k": 20}, "repeats": 50, "rust_annie": {"build_time": 0.05260864100000617, "build_memory_mb": 56.625, "search_times": [0.004897583999991184, 0.004559583000002476, 0.003814723999994385, 0.0038744160000021566, 0.0038156329999878835, 0.004077725000001919, 0.0038905060000047342, 0.003824782999998888, 0.004012361999997438, 0.003889222999987396, 0.0038640369999995983, 0.0038616520000118726, 0.0037700310000161608, 0.003799205999996502, 0.003800477999988061, 0.0037797290000014527, 0.003810747000017045, 0.003920462000024827, 0.003846865000014077, 0.003907708000014054, 0.0038319269999931294, 0.0038501899999801026, 0.003837446999995109, 0.00393202299997597, 0.003845060999992711, 0.003836084999988998, 0.003839050000010502, 0.0038834730000019135, 0.004106016999998019, 0.004088665000011815, 0.004037019000008968, 0.00401942599998506, 0.004143867000010459, 0.00400005000000192, 0.004098022999983186, 0.0039253710000082265, 0.003951370000010002, 0.003941220000001522, 0.003969904000001634, 0.003996424000007437, 0.003971245999991879, 0.004002353999993602, 0.004066975000000639, 0.0038509229999874606, 0.003834170000004633, 0.0038743160000080934, 0.0038027829999975893, 0.0038829920000011953, 0.003849740000021029, 0.0037696409999909974], "search_avg": 0.003941104120000319, "search_p50": 0.0038832325000015544, "search_p95": 0.004126834500004861, "search_p99": 0.004731963509996716}, "sklearn": {"build_time": 0.0034146190000114984, "build_memory_mb": 0.0, "search_avg": 0.007425026040000944, "search_p50": 0.0068552925000062714}, "faiss": {"build_time": 0.00851397700000689, "build_memory_mb": 49.41796875, "search_avg": 0.0023119259599985753, "search_p50": 0.0022769305000025497}, "annoy": {"build_time": 1.0551849459999971, "build_memory_mb": 67.60546875, "search_avg": 4.731849999757287e-05, "search_p50": 4.643149999594698e-05}}