{"timestamp": 1764810318.846149, "dataset": "small", "config": {"N": 10000, "D": 64, "k": 10}, "repeats": 50, "rust_annie": {"build_time": 0.002466233999996348, "build_memory_mb": 3.01953125, "search_times": [0.00045019599997431214, 0.00039582400000881535, 0.00030527399997026805, 0.00030063599996310586, 0.00028659800000241376, 0.0002834420000112914, 0.0002950150000060603, 0.0002845149999757268, 0.00031725600001664134, 0.0003049730000270756, 0.0002862980000486459, 0.00029852099999061465, 0.0003122570000186897, 0.00030745799995202105, 0.0002998030000185281, 0.00032588200002692247, 0.0003242490000161524, 0.0002921390000096835, 0.0003096120000236624, 0.00030213799999501134, 0.00031037299999070456, 0.000320100999999795, 0.00029228900001498914, 0.00030351100002690146, 0.00029268999998066647, 0.00032490099999904487, 0.0003276159999927586, 0.000318117999995593, 0.00033336699999608754, 0.0003181679999784137, 0.0003020579999883921, 0.0003159539999728622, 0.0002973790000169174, 0.00033846600001652405, 0.00033368700002256446, 0.00029169800001227486, 0.00029454299999542854, 0.00037881200000811077, 0.00031423100000438353, 0.0003020579999883921, 0.0003112350000264996, 0.00028631800000766816, 0.00029583600002069943, 0.0002986009999972339, 0.00031452100000706196, 0.0002987710000184052, 0.0003049029999715458, 0.00034356600002638515, 0.0002956150000272828, 0.00030737700001282064], "search_avg": 0.000312976980003441, "search_p50": 0.00030512349999867183, "search_p95": 0.0003629513000163341, "search_p99": 0.0004235537199912186}, "sklearn": {"build_time": 0.0005382409999583615, "build_memory_mb": 0.0, "search_avg": 0.0012765706400045928, "search_p50": 0.0005607734999841796}, "faiss": {"build_time": 0.001088164999998753, "build_memory_mb": 2.30859375, "search_avg": 7.161232000271411e-05, "search_p50": 7.037250000507811e-05}, "annoy": {"build_time": 0.05829215300002488, "build_memory_mb": 7.94140625, "search_avg": 1.597600000195598e-05, "search_p50": 1.5213500006439062e-05}}