{"timestamp": 1761353996.079428, "dataset": "medium", "config": {"N": 100000, "D": 128, "k": 20}, "repeats": 50, "rust_annie": {"build_time": 0.052893960999995215, "build_memory_mb": 56.515625, "search_times": [0.004910277999982782, 0.004499448000018447, 0.0038363150000009227, 0.0038243099999988317, 0.0038137420000055045, 0.0037776340000164055, 0.003863125000009404, 0.003843879000015704, 0.003813825999998244, 0.003939337999980808, 0.003839610999989418, 0.003843216999996457, 0.00381660800002237, 0.0038193319999777486, 0.003799363000013045, 0.003838478999995232, 0.003842776999988473, 0.0038502410000091913, 0.003867001999992681, 0.003933167000013782, 0.004159030000010944, 0.004096752999998898, 0.004125630000004321, 0.004016312000004518, 0.0039541259999964495, 0.0038736950000100023, 0.00409646299999622, 0.004073790999996163, 0.00405495500001507, 0.004018486999996185, 0.004005101000018385, 0.004034106000005977, 0.004047520999989729, 0.00400576300000921, 0.003949237000000494, 0.003978571999994074, 0.004011934999994082, 0.003976316999995788, 0.004079791000009436, 0.00399952099999723, 0.004018045999998776, 0.00401899799999228, 0.003998698999993167, 0.003962250999990147, 0.004121289000011075, 0.003933316999990666, 0.003998358000018243, 0.004049003999995193, 0.003999320000019679, 0.004008667999983118], "search_avg": 0.003984734960001219, "search_p50": 0.003988465000006158, "search_p95": 0.004144000000007963, "search_p99": 0.004708971300000257}, "sklearn": {"build_time": 0.003747417999989011, "build_memory_mb": 0.0, "search_avg": 0.008002595720001863, "search_p50": 0.007415252000015471}, "faiss": {"build_time": 0.00787855600000853, "build_memory_mb": 49.234375, "search_avg": 0.002399814199999355, "search_p50": 0.002355743499990126}, "annoy": {"build_time": 1.0799656459999767, "build_memory_mb": 67.13671875, "search_avg": 4.7207820000494396e-05, "search_p50": 4.380250001645436e-05}}