{"timestamp": 1763255275.161779, "dataset": "medium", "config": {"N": 100000, "D": 128, "k": 20}, "repeats": 50, "rust_annie": {"build_time": 0.052468645999994123, "build_memory_mb": 57.7890625, "search_times": [0.004852757000008978, 0.004526609000009785, 0.0038092720000122426, 0.003806826000015917, 0.003765850000007731, 0.003759209000008923, 0.0037519650000206184, 0.0038327959999833183, 0.00377797300001248, 0.003800925999996707, 0.00376238699999476, 0.0037663619999932507, 0.0038460170000007565, 0.0038684609999961594, 0.0037869900000089274, 0.0037985920000096485, 0.003831903999980568, 0.003850518999996666, 0.003765348999991147, 0.003736715999991702, 0.003788181999993867, 0.0037876509999819064, 0.003815323000026183, 0.0037954260000105933, 0.003859273999978541, 0.0040639469999916855, 0.003989797999992106, 0.003967796999972961, 0.004038328000007141, 0.0040381480000064585, 0.003996310999980324, 0.00396067399998401, 0.0041697620000036295, 0.0037953450000145494, 0.003816374999985328, 0.0037979499999778454, 0.003804352000003064, 0.003828717999994069, 0.0037690159999783646, 0.003865625999992517, 0.003917683999986821, 0.0038897210000072846, 0.004034622000006038, 0.00406717199999207, 0.0040640569999936815, 0.003992132000007587, 0.0038097329999970952, 0.0040638560000161306, 0.004068434999993542, 0.004106855999992831], "search_avg": 0.00391319501999817, "search_p50": 0.0038323499999819433, "search_p95": 0.00414145429999877, "search_p99": 0.004692944480009373}, "sklearn": {"build_time": 0.003382024999979194, "build_memory_mb": 0.0, "search_avg": 0.007352518020000503, "search_p50": 0.0067870879999816225}, "faiss": {"build_time": 0.007847569999995585, "build_memory_mb": 49.41015625, "search_avg": 0.0022496789599978227, "search_p50": 0.0022288254999978108}, "annoy": {"build_time": 1.0977659269999833, "build_memory_mb": 69.56640625, "search_avg": 4.7070300001905704e-05, "search_p50": 4.635650000750502e-05}}