{"timestamp": 1763082244.015408, "dataset": "small", "config": {"N": 10000, "D": 64, "k": 10}, "repeats": 50, "rust_annie": {"build_time": 0.002552437999980839, "build_memory_mb": 3.01953125, "search_times": [0.0006355170000063026, 0.0005308520000255612, 0.000494411000005357, 0.0004616020000014487, 0.00045427100002370935, 0.0004598799999939729, 0.0005716989999768884, 0.00048279000000661654, 0.00046275599999034966, 0.0004304819999845222, 0.0004791149999903155, 0.00044284699998797805, 0.0005948410000087279, 0.0004533370000103787, 0.0005174070000180109, 0.00041214000000877604, 0.000479436000006217, 0.00042441300001883064, 0.0005222059999994144, 0.00047294399999486814, 0.0004896039999948698, 0.000409074000003784, 0.00044506099999352955, 0.0003840269999955126, 0.00044685499997854095, 0.00047376499998108557, 0.0005954119999955765, 0.0004569239999909769, 0.00045188400000029105, 0.0004239120000022467, 0.0005690339999944172, 0.0005391569999915191, 0.0003865550000057283, 0.000368416000014804, 0.000325539999977309, 0.0003517869999996037, 0.0003160400000012942, 0.0003208589999985634, 0.00031075999999075066, 0.0003622140000061336, 0.0003537829999800124, 0.0003226930000153061, 0.00032031800000709154, 0.00030488699999864366, 0.00028828899999666646, 0.0002778889999888179, 0.00031269499999098116, 0.00032788199999345125, 0.00031391699999971934, 0.0003133449999950244], "search_avg": 0.0004269104799988099, "search_p50": 0.0004439539999907538, "search_p95": 0.0005844270999944, "search_p99": 0.0006158655500010467}, "sklearn": {"build_time": 0.0006443839999974443, "build_memory_mb": 0.0, "search_avg": 0.0016837771400003022, "search_p50": 0.0005815159999968955}, "faiss": {"build_time": 0.0010621039999989534, "build_memory_mb": 2.265625, "search_avg": 7.529062000457998e-05, "search_p50": 7.395299999757299e-05}, "annoy": {"build_time": 0.05900983899999801, "build_memory_mb": 7.8046875, "search_avg": 1.7524020001928875e-05, "search_p50": 1.6354999999634856e-05}}