{"timestamp": 1765850637.666402, "dataset": "small", "config": {"N": 10000, "D": 64, "k": 10}, "repeats": 50, "rust_annie": {"build_time": 0.00261554399992292, "build_memory_mb": 3.25, "search_times": [0.0004689989999633326, 0.00036526500002764806, 0.00028835000000526634, 0.000298238999903333, 0.0002717590000429482, 0.0003436750000673783, 0.00028769899995495507, 0.0003225550000252042, 0.00030018299992207176, 0.0002812170000652259, 0.00033291299996562884, 0.00027563699995880597, 0.00031807599998501246, 0.0002986389999932726, 0.0003066639999360632, 0.00032270500003050984, 0.0003226450000965997, 0.00031044199999996636, 0.0002903849999711383, 0.0003411299999243056, 0.0002863469999283552, 0.000313548000008268, 0.0002813080000123591, 0.0003157720000217523, 0.0002943219999451685, 0.00030457100001513027, 0.00030013200000666984, 0.00031069299996033806, 0.0003011640000067928, 0.00030016300001989293, 0.0002919470000506408, 0.0003094600000395076, 0.000295814000082828, 0.0003199500000619082, 0.00029567399997176835, 0.0002805259999831833, 0.0002899630000001707, 0.0003122549999261537, 0.0003077269999494092, 0.00032580100003087864, 0.0002921369999739909, 0.00029791899999054294, 0.0002979089999826101, 0.0003158819999953266, 0.0002830600000152117, 0.00030137499993543315, 0.00035527600005025306, 0.00028888200006349507, 0.0003032879999409488, 0.0003401179999400483], "search_avg": 0.00030920319999495406, "search_p50": 0.00030126949997111296, "search_p95": 0.00035005555005795935, "search_p99": 0.000418169339994847}, "sklearn": {"build_time": 0.0006152629999860437, "build_memory_mb": 0.0, "search_avg": 0.001227578900000026, "search_p50": 0.000574041499987743}, "faiss": {"build_time": 0.0011747820000209686, "build_memory_mb": 2.25, "search_avg": 7.802908000030584e-05, "search_p50": 7.412449997445947e-05}, "annoy": {"build_time": 0.05890913099995032, "build_memory_mb": 7.78515625, "search_avg": 1.6943300008733785e-05, "search_p50": 1.5879999978096748e-05}}