{"timestamp": 1765155967.992873, "dataset": "medium", "config": {"N": 100000, "D": 128, "k": 20}, "repeats": 50, "rust_annie": {"build_time": 0.05277645600000369, "build_memory_mb": 56.55859375, "search_times": [0.004864173000015626, 0.004594076000017822, 0.003793091999995113, 0.003920921000002409, 0.003713902999976426, 0.0037003280000078576, 0.003753357000022106, 0.0037542390000169235, 0.00373831999999652, 0.0037328489999879366, 0.0037730939999960356, 0.003810874999999214, 0.003741214999990916, 0.003759027999990394, 0.0038403509999795915, 0.00376198399999339, 0.003809843999988516, 0.0037596800000017083, 0.003852203000008103, 0.003853783000010935, 0.0038501189999919916, 0.004086854000007634, 0.004068940000024668, 0.004111660000006623, 0.004048611999991181, 0.00403214100001037, 0.004062527000002092, 0.003989149999995334, 0.004016481999997268, 0.00400555100000588, 0.003993667999992567, 0.004012574000000768, 0.004010512999997218, 0.0041610430000105225, 0.0040049099999919235, 0.003972297999979446, 0.0037578360000054545, 0.003838737999984687, 0.0038540169999805585, 0.0037889339999992444, 0.00378094900000292, 0.003771632000024283, 0.0038184590000014396, 0.0038443880000045283, 0.003826543999991827, 0.004064732000017557, 0.004100028000010525, 0.00406152599998677, 0.00382968099998493, 0.0038066070000013497], "search_avg": 0.003921968559999982, "search_p50": 0.00384725349999826, "search_p95": 0.004138820650008768, "search_p99": 0.004731825470016701}, "sklearn": {"build_time": 0.0032264779999877646, "build_memory_mb": 0.0, "search_avg": 0.007982864419998919, "search_p50": 0.007092646999993235}, "faiss": {"build_time": 0.007745733000007249, "build_memory_mb": 49.24609375, "search_avg": 0.002200376920001759, "search_p50": 0.002189376499984519}, "annoy": {"build_time": 1.054899507000016, "build_memory_mb": 67.25, "search_avg": 4.4481140001266795e-05, "search_p50": 4.349150000848567e-05}}