{"timestamp": 1761267488.839139, "dataset": "small", "config": {"N": 10000, "D": 64, "k": 10}, "repeats": 50, "rust_annie": {"build_time": 0.002511431000016273, "build_memory_mb": 3.0, "search_times": [0.00043833699999140663, 0.0003330700000105935, 0.0003446329999974296, 0.0003073530000108349, 0.00032031699998924523, 0.0003270599999893875, 0.00031241199999954006, 0.0003136539999957222, 0.0003168300000027102, 0.0003046879999999419, 0.0003117610000060722, 0.00031556799999066243, 0.00029159300001424526, 0.00028926900000669775, 0.0003097270000012031, 0.00031160099999283375, 0.00031240200002002894, 0.0002958520000220233, 0.000321119000005865, 0.0002859729999897809, 0.00029163399997855777, 0.0003343029999882674, 0.00031448600000771876, 0.00032056699998861404, 0.00033639599999446546, 0.0003142549999779476, 0.0003114509999875281, 0.0003275910000013482, 0.00030710199999361976, 0.00030190199998969547, 0.00031733099999087244, 0.0003246349999983522, 0.0003196760000037102, 0.0002999090000059823, 0.0003104179999979806, 0.0002982160000044587, 0.0003113000000212196, 0.00032426499998905456, 0.0003186530000220955, 0.00029668300001617354, 0.0003281919999835736, 0.0003047280000032515, 0.00030723300000090603, 0.0004096640000170737, 0.00031132000000866356, 0.0004118079999955171, 0.00033727900000712907, 0.00029520999999022024, 0.0003124019999916072, 0.0003301559999897563], "search_avg": 0.0003198396799996317, "search_p50": 0.0003130329999976311, "search_p95": 0.00038040005000823364, "search_p99": 0.0004253377899934207}, "sklearn": {"build_time": 0.0005629190000036033, "build_memory_mb": 0.0, "search_avg": 0.0012912464600020712, "search_p50": 0.0005741850000049453}, "faiss": {"build_time": 0.001019088999981932, "build_memory_mb": 2.37890625, "search_avg": 7.480598000142891e-05, "search_p50": 7.042599999351751e-05}, "annoy": {"build_time": 0.05942510699998138, "build_memory_mb": 7.95703125, "search_avg": 1.5918620001116323e-05, "search_p50": 1.5274000006115784e-05}}