{"timestamp": 1754960758.644454, "dataset": "small", "config": {"N": 10000, "D": 64, "k": 10}, "repeats": 50, "rust_annie": {"build_time": 0.0024304550000806557, "build_memory_mb": 3.14453125, "search_times": [0.00043687799995950627, 0.0002898430000186636, 0.00030966899998929875, 0.0002996709999933955, 0.0003047210000204359, 0.0003050509999411588, 0.0002886600000238104, 0.000286974999994527, 0.00031417799993960216, 0.00034473599998818827, 0.00032474800002546544, 0.00031248499999492196, 0.0003236159999460142, 0.0003257600000097227, 0.0003246779999699356, 0.00032853499999419, 0.0002946520000932651, 0.000315941000053499, 0.0003116740000450591, 0.00028770900007657474, 0.0002910050000082265, 0.00028938200000538927, 0.0002950130000272111, 0.0003007139999908759, 0.0002878789999840592, 0.00030024199998024415, 0.0002851739999414349, 0.00028997300000810355, 0.00032397699999364704, 0.00029611400009343924, 0.00028772899997875356, 0.00031183500004772213, 0.00029939099999864993, 0.00029641599996921286, 0.00029148600003736647, 0.00032451699996727257, 0.00028470299992022774, 0.00028721800003950193, 0.0003261610000890869, 0.0002893619999895236, 0.00029021300008480466, 0.00032078100002763676, 0.00028512400001545757, 0.00030032199993001996, 0.00029482200000074954, 0.0003168029999187638, 0.0002896729999974923, 0.000309329000060643, 0.000318476000074952, 0.00028669699997863063], "search_avg": 0.0003060142200047267, "search_p50": 0.00029995649998681984, "search_p95": 0.0003274667000368936, "search_p99": 0.00039172841997356026}, "sklearn": {"build_time": 0.0005649470000435031, "build_memory_mb": 0.0, "search_avg": 0.001098390100009965, "search_p50": 0.000569145999918419}, "faiss": {"build_time": 0.0010879970000132744, "build_memory_mb": 2.375, "search_avg": 7.221494000077655e-05, "search_p50": 7.049199996345124e-05}, "annoy": {"build_time": 0.05963230500003647, "build_memory_mb": 7.66015625, "search_avg": 1.653915999440869e-05, "search_p50": 1.5914500011149357e-05}}